T,error,integral,derivada,pwm
27.38,22.62,200.0,0.0,1023.0
27.38,22.62,200.0,0.0,1023.0
27.38,22.62,200.0,0.0,1023.0
27.38,22.62,200.0,0.0,1023.0
27.38,22.62,200.0,0.0,1023.0
27.38,22.62,200.0,0.0,1023.0
27.38,22.62,200.0,0.0,1023.0
27.38,22.62,200.0,0.0,1023.0
27.38,22.62,200.0,0.0,1023.0
27.38,22.62,200.0,0.0,1023.0
27.38,22.62,200.0,0.0,1023.0
27.38,22.62,200.0,0.0,1023.0
27.31,22.69,200.0,0.08,1023.0
27.31,22.69,200.0,0.0,1023.0
27.31,22.69,200.0,0.0,1023.0
27.38,22.62,200.0,-0.08,1023.0
27.5,22.5,200.0,-0.16,1023.0
27.56,22.44,200.0,-0.08,1023.0
27.69,22.31,200.0,-0.16,1023.0
27.81,22.19,200.0,-0.16,1023.0
28.0,22.0,200.0,-0.23,1023.0
28.12,21.88,200.0,-0.16,1023.0
28.38,21.62,200.0,-0.31,1023.0
28.56,21.44,200.0,-0.23,1023.0
28.81,21.19,200.0,-0.31,1023.0
29.06,20.94,200.0,-0.31,1023.0
29.31,20.69,200.0,-0.31,1023.0
29.62,20.38,200.0,-0.39,1023.0
29.88,20.12,200.0,-0.31,1023.0
30.19,19.81,200.0,-0.39,1023.0
30.44,19.56,200.0,-0.31,1023.0
30.75,19.25,200.0,-0.39,1023.0
31.0,19.0,200.0,-0.31,1023.0
31.31,18.69,200.0,-0.39,1023.0
31.62,18.38,200.0,-0.39,1023.0
32.0,18.0,200.0,-0.47,1023.0
32.31,17.69,200.0,-0.39,1023.0
33.0,17.0,200.0,-0.47,1023.0
33.38,16.62,200.0,-0.47,1023.0
33.69,16.31,200.0,-0.39,1023.0
34.12,15.88,200.0,-0.55,1023.0
34.44,15.56,200.0,-0.39,1023.0
34.69,15.31,200.0,-0.31,1023.0
35.31,14.69,200.0,-0.39,1023.0
35.56,14.44,200.0,-0.31,1023.0
35.94,14.06,200.0,-0.47,1023.0
36.25,13.75,200.0,-0.39,1023.0
36.62,13.38,200.0,-0.47,1023.0
36.94,13.06,200.0,-0.39,1023.0
37.25,12.75,200.0,-0.39,1023.0
37.94,12.06,200.0,-0.39,1023.0
38.25,11.75,200.0,-0.39,1023.0
38.62,11.38,200.0,-0.47,1023.0
38.88,11.12,200.0,-0.31,1023.0
39.12,10.88,200.0,-0.31,1023.0
39.31,10.69,200.0,-0.23,1023.0
39.62,10.38,200.0,-0.39,1023.0
39.88,10.12,200.0,-0.31,1023.0
40.25,9.75,200.0,-0.47,1023.0
40.56,9.44,200.0,-0.39,1023.0
40.88,9.12,200.0,-0.39,1023.0
41.12,8.56,200.0,-0.31,1023.0
41.69,8.31,200.0,-0.31,1023.0
42.0,8.0,200.0,-0.39,1023.0
42.31,7.69,200.0,-0.39,1023.0
42.5,7.5,200.0,-0.23,1023.0
42.69,7.31,200.0,-0.23,1023.0
42.81,7.19,200.0,-0.16,1023.0
43.06,6.94,200.0,-0.31,1023.0
43.31,6.69,200.0,-0.31,1023.0
43.56,6.44,200.0,-0.31,1023.0
43.81,6.19,200.0,-0.31,1023.0
44.06,5.94,200.0,-0.31,1023.0
44.31,5.69,200.0,-0.31,1023.0
44.5,5.5,200.0,-0.23,1023.0
44.75,5.25,200.0,-0.31,1023.0
45.0,5.0,200.0,-0.31,1023.0
45.25,4.75,200.0,-0.31,1023.0
45.5,4.5,200.0,-0.31,1023.0
45.69,4.31,200.0,-0.23,1023.0
45.88,4.12,200.0,-0.23,1023.0
46.0,4.0,200.0,-0.16,1023.0
46.12,3.88,200.0,-0.16,1023.0
46.38,3.62,200.0,-0.31,1023.0
46.62,3.38,200.0,-0.31,1023.0
46.88,3.12,200.0,-0.31,1023.0
47.12,2.88,200.0,-0.31,1023.0
47.31,2.69,200.0,-0.23,1023.0
47.56,2.44,200.0,-0.31,1023.0
47.81,2.19,200.0,-0.31,1023.0
48.12,1.88,200.0,-0.39,1023.0
48.31,1.69,200.0,-0.23,1023.0
48.44,1.56,200.0,-0.16,1023.0
48.56,1.44,200.0,-0.16,1023.0
48.62,1.38,200.0,-0.08,1023.0
48.81,1.19,200.0,-0.23,1023.0
49.0,1.0,200.0,-0.23,1023.0
49.25,0.75,200.0,-0.31,1023.0
49.44,0.56,200.0,-0.23,1023.0
49.69,0.31,200.0,-0.31,1023.0
49.88,0.12,200.0,-0.23,1023.0
50.12,-0.12,199.9,-0.31,925.0
50.38,-0.38,199.6,-0.31,824.0
50.56,-0.56,199.15,-0.23,759.0
50.75,-0.75,198.55,-0.23,682.0
50.88,-0.88,197.2,-0.08,650.0
50.94,-0.94,196.45,-0.08,622.0
51.06,-1.06,195.6,-0.16,556.0
51.19,-1.19,194.65,-0.16,503.0
51.38,-1.38,193.55,-0.23,412.0
51.5,-1.5,192.35,-0.16,368.0
51.62,-1.62,191.05,-0.16,313.0
51.69,-1.69,189.7,-0.08,295.0
51.81,-1.81,188.25,-0.16,227.0
51.94,-1.94,186.7,-0.16,171.0
52.06,-2.06,185.05,-0.16,114.0
52.12,-2.12,183.35,-0.08,94.0
52.12,-2.12,181.65,0.0,99.0
51.94,-1.94,180.1,0.23,203.0
51.88,-1.88,178.6,0.08,199.0
51.81,-1.81,177.15,0.08,218.0
51.81,-1.81,175.7,0.0,200.0
51.81,-1.81,174.25,0.0,195.0
51.81,-1.81,172.8,0.0,189.0
51.81,-1.81,171.35,0.0,183.0
51.75,-1.75,169.95,0.08,214.0
51.75,-1.75,168.55,0.0,197.0
51.69,-1.69,167.2,0.08,228.0
51.62,-1.62,165.9,0.08,248.0
51.62,-1.62,164.6,0.0,231.0
51.44,-1.44,163.45,0.23,336.0
51.25,-1.25,162.45,0.23,407.0
51.0,-1.0,161.65,0.31,516.0
50.81,-0.81,161.0,0.23,577.0
50.69,-0.69,160.45,0.16,613.0
50.5,-0.5,160.05,0.23,698.0
50.44,-0.44,159.7,0.08,698.0
50.31,-0.31,159.45,0.16,759.0
50.25,-0.25,159.25,0.08,771.0
50.19,-0.19,159.1,0.08,796.0
50.12,-0.12,159.0,0.08,820.0
50.06,-0.06,158.95,0.08,845.0
50.06,-0.06,158.9,0.0,833.0
49.94,0.06,158.95,0.16,907.0
49.81,0.19,159.1,0.16,957.0
49.69,0.31,159.35,0.16,1008.0
49.56,0.44,159.7,0.16,1023.0
49.56,0.44,160.05,0.0,1023.0
49.5,0.5,160.45,0.08,1023.0
49.56,0.44,160.8,-0.08,1023.0
49.56,0.44,161.15,0.0,1023.0
49.62,0.38,161.45,-0.08,1007.0
49.69,0.31,161.7,-0.08,983.0
49.81,0.19,161.85,-0.16,921.0
49.94,0.06,161.9,-0.16,872.0
50.06,-0.06,161.85,-0.16,821.0
50.19,-0.19,161.7,-0.16,771.0
50.31,-0.31,161.45,-0.16,720.0
50.44,-0.44,161.1,-0.16,668.0
50.5,-0.5,160.7,-0.08,654.0
50.69,-0.69,160.15,-0.23,553.0
50.81,-0.81,159.5,-0.16,512.0
50.94,-0.94,158.75,-0.16,459.0
51.0,-1.0,157.95,-0.08,443.0
51.12,-1.12,157.05,-0.16,377.0
51.25,-1.25,156.05,-0.16,323.0
51.38,-1.38,153.9,-0.08,276.0
51.5,-1.5,152.7,-0.16,210.0
51.56,-1.56,151.45,-0.08,192.0
51.62,-1.62,150.15,-0.08,161.0
51.62,-1.62,148.85,0.0,168.0
51.56,-1.56,147.6,0.08,200.0
51.5,-1.5,146.4,0.08,220.0
51.5,-1.5,145.2,0.0,203.0
51.5,-1.5,144.0,0.0,199.0
51.44,-1.44,142.85,0.08,231.0
51.44,-1.44,141.7,0.0,214.0
51.31,-1.31,140.65,0.16,284.0
51.25,-1.25,139.65,0.08,293.0
51.19,-1.19,138.7,0.08,314.0
51.12,-1.12,137.8,0.08,335.0
51.06,-1.06,136.95,0.08,357.0
50.94,-0.94,136.2,0.16,416.0
50.81,-0.81,135.55,0.16,463.0
50.69,-0.69,135.0,0.16,511.0
50.56,-0.56,134.55,0.16,559.0
50.5,-0.5,134.15,0.08,571.0
50.38,-0.38,133.85,0.16,631.0
50.31,-0.31,133.6,0.08,644.0
50.25,-0.25,133.4,0.08,668.0
50.19,-0.19,133.25,0.08,692.0
50.12,-0.12,133.15,0.08,717.0
50.06,-0.06,133.1,0.08,742.0
50.0,0.0,133.1,0.08,767.0
50.0,0.0,133.1,0.0,755.0
49.94,0.06,133.15,0.08,792.0
49.94,0.06,133.2,0.0,780.0
49.88,0.12,133.3,0.08,817.0
49.75,0.25,133.5,0.16,880.0
49.62,0.38,133.8,0.16,931.0
49.5,0.5,134.2,0.16,983.0
49.5,0.5,134.6,0.0,961.0
49.5,0.5,135.0,0.0,963.0
49.56,0.44,135.35,-0.08,927.0
49.62,0.38,135.65,-0.08,903.0
49.69,0.31,135.9,-0.08,879.0
49.81,0.19,136.05,-0.16,818.0
49.88,0.12,136.15,-0.08,805.0
49.94,0.06,136.2,-0.08,781.0
50.06,-0.06,136.15,-0.16,719.0
50.12,-0.12,136.05,-0.08,705.0
50.19,-0.19,135.9,-0.08,679.0
50.25,-0.25,135.7,-0.08,654.0
50.19,-0.19,135.55,0.08,701.0
50.19,-0.19,135.4,0.0,689.0
50.19,-0.19,135.25,0.0,689.0
50.25,-0.25,135.05,-0.08,651.0
50.38,-0.38,134.75,-0.16,588.0
50.5,-0.5,134.35,-0.16,536.0
50.62,-0.62,133.85,-0.16,484.0
50.69,-0.69,133.3,-0.08,469.0
50.94,-0.94,131.9,-0.16,352.0
50.94,-0.94,131.15,0.0,372.0
51.0,-1.0,130.35,-0.08,332.0
51.0,-1.0,129.55,0.0,341.0
51.0,-1.0,128.75,0.0,337.0
51.0,-1.0,127.95,0.0,334.0
50.94,-0.94,127.2,0.08,368.0
50.88,-0.88,126.5,0.08,390.0
50.88,-0.88,125.8,0.0,376.0
50.88,-0.88,125.1,0.0,373.0
50.88,-0.88,124.4,0.0,370.0
50.88,-0.88,123.7,0.0,367.0
50.88,-0.88,123.0,0.0,365.0
50.88,-0.88,122.3,0.0,362.0
50.81,-0.81,121.65,0.08,396.0
50.75,-0.75,121.05,0.08,418.0
50.62,-0.62,120.55,0.16,478.0
50.5,-0.5,120.15,0.16,527.0
50.31,-0.31,119.9,0.23,612.0
50.19,-0.19,119.75,0.16,650.0
50.06,-0.06,119.7,0.16,700.0
50.0,0.0,119.7,0.08,713.0
49.94,0.06,119.75,0.08,738.0
49.94,0.06,119.8,0.0,727.0
50.0,0.0,119.8,-0.08,690.0
50.0,0.0,119.8,0.0,702.0
50.0,0.0,119.8,0.0,702.0
50.0,0.0,119.8,0.0,702.0
49.94,0.06,119.85,0.08,739.0
49.94,0.06,119.9,0.0,727.0
49.81,0.19,120.05,0.16,801.0
49.81,0.19,120.2,0.0,778.0
49.81,0.19,120.35,0.0,779.0
49.81,0.19,120.5,0.0,780.0
49.88,0.12,120.6,-0.08,743.0
49.94,0.06,120.65,-0.08,718.0
50.0,0.0,120.65,-0.08,693.0
50.06,-0.06,120.6,-0.08,668.0
50.19,-0.19,120.45,-0.16,606.0
50.25,-0.25,120.25,-0.08,592.0
50.25,-0.25,120.05,0.0,603.0
50.25,-0.25,119.85,0.0,602.0
50.25,-0.25,119.65,0.0,601.0
50.12,-0.12,119.55,0.16,674.0
50.0,0.0,119.55,0.16,724.0
49.94,0.06,119.6,0.08,738.0
49.88,0.12,119.7,0.08,763.0
49.88,0.12,119.8,0.0,752.0
49.88,0.12,119.9,0.0,752.0
49.94,0.06,119.95,-0.08,716.0
50.0,0.0,120.0,-0.08,691.0
50.12,-0.12,119.9,-0.16,629.0
50.19,-0.19,119.6,0.0,626.0
50.19,-0.19,119.45,0.0,625.0
50.19,-0.19,119.3,0.0,625.0
50.19,-0.19,119.15,0.0,624.0
50.19,-0.19,119.0,0.0,624.0
50.19,-0.19,118.85,0.0,623.0
50.19,-0.19,118.7,0.0,622.0
50.25,-0.25,118.5,-0.08,585.0
50.31,-0.31,118.25,-0.08,559.0
50.38,-0.38,117.95,-0.08,533.0
50.44,-0.44,117.6,-0.08,506.0
50.5,-0.5,117.2,-0.08,480.0
50.56,-0.56,116.75,-0.08,453.0
50.62,-0.62,116.25,-0.08,426.0
50.62,-0.62,115.75,0.0,436.0
50.5,-0.5,115.35,0.16,507.0
50.44,-0.44,115.0,0.08,519.0
50.31,-0.31,114.75,0.16,580.0
50.31,-0.31,114.5,0.0,556.0
50.31,-0.31,114.25,0.0,555.0
50.31,-0.31,114.0,0.0,554.0
50.38,-0.38,113.7,-0.08,516.0
50.44,-0.44,113.35,-0.08,489.0
50.5,-0.5,112.95,-0.08,463.0
50.56,-0.56,112.5,-0.08,436.0
50.5,-0.5,111.65,0.08,481.0
50.44,-0.44,111.3,0.08,504.0
50.38,-0.38,111.0,0.08,528.0
50.38,-0.38,110.7,0.0,515.0
50.38,-0.38,110.4,0.0,514.0
50.31,-0.31,109.9,0.0,537.0
50.31,-0.31,109.65,0.0,536.0
50.31,-0.31,109.4,0.0,535.0
50.38,-0.38,109.1,-0.08,497.0
50.44,-0.44,108.75,-0.08,471.0
50.5,-0.5,108.35,-0.08,444.0
50.56,-0.56,107.9,-0.08,417.0
50.56,-0.56,107.45,0.0,427.0
50.56,-0.56,107.0,0.0,426.0
50.5,-0.5,106.6,0.08,461.0
50.44,-0.44,106.25,0.08,484.0
50.38,-0.38,105.95,0.08,508.0
50.31,-0.31,105.7,0.08,532.0
50.25,-0.25,105.5,0.08,556.0
50.19,-0.19,105.35,0.08,581.0
50.19,-0.19,105.2,0.0,568.0
50.12,-0.12,105.1,0.08,605.0
50.12,-0.12,105.0,0.0,593.0
50.19,-0.19,104.85,-0.08,555.0
50.19,-0.19,104.7,0.0,566.0
50.19,-0.19,104.55,0.0,566.0
50.19,-0.19,104.4,0.0,565.0
50.12,-0.12,104.3,0.08,601.0
50.0,0.0,104.3,0.16,663.0
49.88,0.12,104.4,0.16,714.0
49.81,0.19,104.55,0.08,727.0
49.69,0.31,104.8,0.16,790.0
49.69,0.31,105.05,0.0,768.0
49.69,0.31,105.3,0.0,769.0
49.69,0.31,105.55,0.0,770.0
49.75,0.25,105.75,-0.08,734.0
49.81,0.19,105.9,-0.08,709.0
49.81,0.19,106.05,0.0,722.0
49.88,0.12,106.15,-0.08,685.0
49.94,0.06,106.2,-0.08,661.0
50.0,0.0,106.2,-0.08,636.0
50.06,-0.06,106.15,-0.08,610.0
50.06,-0.06,106.1,0.0,622.0
50.06,-0.06,106.05,0.0,622.0
50.12,-0.12,105.95,-0.08,585.0
50.19,-0.19,105.8,-0.08,559.0
50.19,-0.19,105.65,0.0,570.0
50.31,-0.31,105.4,-0.16,496.0
50.38,-0.38,105.1,-0.08,481.0
50.44,-0.44,104.75,-0.08,455.0
50.5,-0.5,104.35,-0.08,428.0
50.56,-0.56,103.9,-0.08,401.0
50.56,-0.56,103.45,0.0,411.0
50.56,-0.56,103.0,0.0,410.0
50.62,-0.62,102.5,-0.08,371.0
50.56,-0.56,102.05,0.08,417.0
50.5,-0.5,101.65,0.08,441.0
50.5,-0.5,101.25,0.0,428.0
50.44,-0.44,100.9,0.08,463.0
50.44,-0.44,100.55,0.0,450.0
50.44,-0.44,100.2,0.0,448.0
50.5,-0.5,99.8,-0.08,410.0
50.5,-0.5,99.4,0.0,420.0
50.56,-0.56,98.95,-0.08,382.0
50.56,-0.56,98.5,0.0,392.0
50.56,-0.56,98.05,0.0,390.0
50.5,-0.5,97.65,0.08,425.0
50.44,-0.44,97.3,0.08,448.0
50.25,-0.25,97.1,0.23,546.0
50.12,-0.12,97.0,0.16,584.0
50.0,0.0,97.0,0.16,634.0
49.88,0.12,97.1,0.16,684.0
49.81,0.19,97.4,0.0,687.0
49.75,0.25,97.6,0.08,725.0
49.75,0.25,97.8,0.0,714.0
49.75,0.25,98.0,0.0,715.0
49.69,0.31,98.25,0.08,752.0
49.69,0.31,98.5,0.0,742.0
49.62,0.38,98.8,0.08,779.0
49.56,0.44,99.15,0.08,806.0
49.5,0.5,99.55,0.08,832.0
49.5,0.5,99.95,0.0,822.0
49.56,0.44,100.3,-0.08,787.0
49.62,0.38,100.6,-0.08,763.0
49.62,0.38,100.9,0.0,776.0
49.69,0.31,101.15,-0.08,740.0
49.75,0.25,101.35,-0.08,716.0
49.81,0.19,101.5,-0.08,692.0
49.88,0.12,101.6,-0.08,667.0
49.94,0.06,101.65,-0.08,642.0
50.0,0.0,101.65,-0.08,617.0
50.0,0.0,101.65,0.0,629.0
50.0,0.0,101.65,0.0,629.0
50.0,0.0,101.65,0.0,629.0
50.0,0.0,101.65,0.0,629.0
50.06,-0.06,101.6,-0.08,592.0
50.06,-0.06,101.55,0.0,604.0
50.12,-0.12,101.45,-0.08,567.0
50.19,-0.19,101.3,-0.08,541.0
50.25,-0.25,101.1,-0.08,515.0
50.31,-0.31,100.85,-0.08,489.0
50.44,-0.44,100.5,-0.16,426.0
50.5,-0.5,100.1,-0.08,411.0
50.5,-0.5,99.7,0.0,421.0
50.56,-0.56,99.25,-0.08,383.0
50.56,-0.56,98.8,0.0,393.0
50.56,-0.56,98.35,0.0,391.0
50.5,-0.5,97.95,0.08,426.0
50.44,-0.44,97.6,0.08,450.0
50.38,-0.38,97.3,0.08,473.0
50.38,-0.38,97.0,0.0,461.0
50.44,-0.44,96.65,-0.08,422.0
50.44,-0.44,96.3,0.0,433.0
50.5,-0.5,95.9,-0.08,394.0
50.5,-0.5,95.5,0.0,405.0
50.56,-0.56,95.05,-0.08,366.0
50.56,-0.56,94.6,0.0,376.0
50.5,-0.5,94.2,0.08,411.0
50.44,-0.44,93.85,0.08,435.0
50.38,-0.38,93.55,0.08,458.0
50.25,-0.25,93.35,0.16,519.0
50.12,-0.12,93.25,0.16,569.0
50.06,-0.06,93.2,0.08,582.0
49.94,0.06,93.25,0.16,644.0
49.88,0.12,93.35,0.08,658.0
49.88,0.12,93.45,0.0,646.0
49.88,0.12,93.55,0.0,647.0
49.88,0.12,93.65,0.0,647.0
49.94,0.06,93.7,-0.08,611.0
50.0,0.0,93.7,-0.08,586.0
49.94,0.06,93.75,0.08,634.0
49.94,0.06,93.8,0.0,623.0
49.88,0.12,93.9,0.08,660.0
49.81,0.19,94.05,0.08,685.0
49.69,0.31,94.3,0.16,748.0
49.62,0.38,94.6,0.08,763.0
49.69,0.31,94.85,-0.08,715.0
49.69,0.31,95.1,0.0,728.0
49.75,0.25,95.3,-0.08,692.0
49.81,0.19,95.45,-0.08,668.0
49.88,0.12,95.55,-0.08,643.0
50.0,0.0,95.55,-0.16,581.0
50.06,-0.06,95.5,-0.08,568.0
50.12,-0.12,95.4,-0.08,542.0
50.19,-0.19,95.25,-0.08,517.0
50.19,-0.19,95.1,0.0,528.0
50.19,-0.19,94.95,0.0,527.0
50.12,-0.12,94.85,0.08,564.0
50.06,-0.06,94.8,0.08,588.0
50.06,-0.06,94.75,0.0,577.0
50.06,-0.06,94.7,0.0,576.0
50.06,-0.06,94.65,0.0,576.0
50.06,-0.06,94.6,0.0,576.0
50.06,-0.06,94.55,0.0,576.0
50.06,-0.06,94.5,0.0,576.0
50.12,-0.12,94.4,-0.08,538.0
50.19,-0.19,94.25,-0.08,513.0
50.19,-0.19,94.1,0.0,524.0
50.19,-0.19,93.95,0.0,523.0
50.19,-0.19,93.8,0.0,523.0
50.19,-0.19,93.65,0.0,522.0
50.19,-0.19,93.5,0.0,522.0
50.19,-0.19,93.35,0.0,521.0
50.12,-0.12,93.25,0.08,557.0
50.12,-0.12,93.15,0.0,545.0
50.06,-0.06,93.1,0.08,582.0
50.06,-0.06,93.05,0.0,570.0
50.06,-0.06,93.0,-0.08,558.0
50.12,-0.12,92.9,-0.08,532.0
50.06,-0.06,92.85,0.08,581.0
50.06,-0.06,92.8,0.0,569.0
50.06,-0.06,92.75,0.0,569.0
50.0,0.0,92.75,0.08,605.0
49.94,0.06,92.8,0.08,630.0
49.94,0.06,92.85,0.0,619.0
50.0,0.0,92.85,-0.08,582.0
50.0,0.0,92.85,0.0,594.0
50.0,0.0,92.85,0.0,594.0
50.0,0.0,92.85,0.0,594.0
50.06,-0.06,92.8,-0.08,557.0
50.06,-0.06,92.75,0.0,569.0
50.06,-0.06,92.7,0.0,568.0
50.06,-0.06,92.65,0.0,568.0
50.0,0.0,92.65,0.08,605.0
50.0,0.0,92.65,0.0,593.0
50.0,0.0,92.65,0.0,593.0
49.94,0.06,92.7,0.08,630.0
49.88,0.12,92.8,0.08,655.0
49.81,0.19,92.95,0.08,681.0
49.69,0.31,93.2,0.16,744.0
49.62,0.38,93.5,0.08,758.0
49.62,0.38,93.8,0.0,748.0
49.62,0.38,94.1,0.0,749.0
49.56,0.44,94.45,0.08,787.0
49.56,0.44,94.8,0.0,777.0
49.5,0.5,95.2,0.08,815.0
49.44,0.56,95.65,0.08,842.0
49.44,0.56,96.1,0.0,832.0
49.44,0.56,96.55,0.0,834.0
49.5,0.5,96.95,-0.08,799.0
49.56,0.44,97.3,-0.08,775.0
49.69,0.31,97.55,-0.16,714.0
49.81,0.19,97.7,-0.16,665.0
49.94,0.06,97.75,-0.16,615.0
50.06,-0.06,97.7,-0.16,565.0
50.19,-0.19,97.55,-0.16,514.0
50.25,-0.25,97.35,-0.08,500.0
50.38,-0.38,97.05,-0.16,437.0
50.44,-0.44,96.7,-0.08,423.0
50.44,-0.44,96.35,0.0,433.0
50.38,-0.38,96.05,0.08,468.0
50.38,-0.38,95.75,0.0,455.0
50.31,-0.31,95.5,0.08,491.0
50.25,-0.25,95.3,0.08,515.0
50.12,-0.12,95.2,0.16,577.0
50.12,-0.12,95.1,0.0,553.0
50.06,-0.06,95.05,0.08,589.0
50.06,-0.06,95.0,0.0,577.0
50.06,-0.06,94.95,0.0,577.0
50.0,0.0,94.95,0.08,614.0
50.0,0.0,94.95,0.0,602.0
49.94,0.06,95.0,0.08,639.0
49.88,0.12,95.1,0.08,665.0
49.69,0.31,95.35,0.23,764.0
49.62,0.38,95.65,0.08,767.0
49.56,0.44,96.0,0.08,793.0
49.5,0.5,96.4,0.08,820.0
49.44,0.56,96.85,0.08,847.0
49.5,0.5,97.65,0.0,813.0
49.56,0.44,98.0,-0.08,778.0
49.62,0.38,98.3,-0.08,754.0
49.69,0.31,98.55,-0.08,730.0
49.75,0.25,98.75,-0.08,706.0
49.88,0.12,98.85,-0.16,644.0
49.94,0.06,98.9,-0.08,631.0
49.88,0.12,99.0,0.08,680.0
49.88,0.12,99.1,0.0,669.0
49.88,0.12,99.2,0.0,669.0
49.88,0.12,99.3,0.0,670.0
49.88,0.12,99.4,0.0,670.0
49.94,0.06,99.45,-0.08,634.0
49.94,0.06,99.5,0.0,645.0
49.94,0.06,99.55,0.0,646.0
49.94,0.06,99.6,0.0,646.0
50.0,0.0,99.6,-0.08,609.0
50.06,-0.06,99.55,-0.08,584.0
50.12,-0.12,99.45,-0.08,559.0
50.06,-0.06,99.4,0.08,607.0
50.06,-0.06,99.35,0.0,595.0
50.06,-0.06,99.3,0.0,595.0
50.12,-0.12,99.2,-0.08,558.0
50.12,-0.12,99.1,0.0,569.0
50.19,-0.19,98.95,-0.08,532.0
50.25,-0.25,98.55,0.0,517.0
50.31,-0.31,98.3,-0.08,479.0
50.44,-0.44,97.95,-0.16,416.0
50.5,-0.5,97.55,-0.08,401.0
50.5,-0.5,97.15,0.0,411.0
50.56,-0.56,96.7,-0.08,373.0
50.56,-0.56,96.25,0.0,383.0
50.56,-0.56,95.8,0.0,381.0
50.56,-0.56,95.35,0.0,379.0
50.56,-0.56,94.9,0.0,377.0
50.5,-0.5,94.5,0.08,412.0
50.44,-0.44,94.15,0.08,436.0
50.44,-0.44,93.8,0.0,423.0
50.38,-0.38,93.5,0.08,458.0
50.31,-0.31,93.25,0.08,482.0
50.31,-0.31,93.0,0.0,470.0
50.31,-0.31,92.75,0.0,469.0
50.25,-0.25,92.55,0.08,504.0
50.19,-0.19,92.2,0.08,528.0
50.19,-0.19,92.05,0.0,516.0
50.06,-0.06,92.0,0.16,589.0
50.0,0.0,92.0,0.08,602.0
49.94,0.06,92.05,0.08,627.0
49.88,0.12,92.15,0.08,653.0
49.81,0.19,92.3,0.08,678.0
49.75,0.25,92.5,0.08,704.0
49.75,0.25,92.7,0.0,693.0
49.75,0.25,92.9,0.0,694.0
49.75,0.25,93.1,0.0,695.0
49.75,0.25,93.3,0.0,696.0
49.81,0.19,93.45,-0.08,660.0
49.81,0.19,93.6,0.0,672.0
49.81,0.19,93.75,0.0,673.0
49.81,0.19,93.9,0.0,673.0
49.81,0.19,94.05,0.0,674.0
49.81,0.19,94.2,0.0,674.0
49.81,0.19,94.35,0.0,675.0
49.88,0.12,94.45,-0.08,639.0
49.88,0.12,94.55,0.0,651.0
49.81,0.19,94.7,0.08,688.0
49.88,0.12,94.8,-0.08,640.0
49.94,0.06,94.85,-0.08,615.0
50.0,0.0,94.85,-0.08,590.0
50.12,-0.12,94.75,-0.16,528.0
50.12,-0.12,94.65,0.0,551.0
50.19,-0.19,94.5,-0.08,514.0
50.19,-0.19,94.35,0.0,525.0
50.19,-0.19,94.2,0.0,524.0
50.19,-0.19,94.05,0.0,524.0
50.19,-0.19,93.9,0.0,523.0
50.19,-0.19,93.75,0.0,523.0
50.25,-0.25,93.55,-0.08,485.0
50.25,-0.25,93.35,0.0,496.0
50.25,-0.25,93.15,0.0,495.0
50.31,-0.31,92.9,-0.08,457.0
50.31,-0.31,92.65,0.0,468.0
50.38,-0.38,92.35,-0.08,430.0
50.38,-0.38,92.05,0.0,441.0
50.38,-0.38,91.75,0.0,440.0
50.38,-0.38,91.45,0.0,438.0
50.31,-0.31,91.2,0.08,474.0
50.31,-0.31,90.95,0.0,461.0
50.31,-0.31,90.7,0.0,460.0
50.31,-0.31,90.2,0.0,458.0
50.25,-0.25,90.0,0.08,494.0
50.25,-0.25,89.8,0.0,482.0
50.25,-0.25,89.6,0.0,481.0
50.19,-0.19,89.45,0.08,517.0
50.25,-0.25,89.25,-0.08,468.0
50.25,-0.25,89.05,0.0,479.0
50.25,-0.25,88.85,0.0,478.0
50.19,-0.19,88.7,0.08,514.0
50.12,-0.12,88.6,0.08,539.0
50.12,-0.12,88.5,0.0,527.0
50.12,-0.12,88.4,0.0,526.0
50.12,-0.12,88.3,0.0,526.0
50.06,-0.06,88.25,0.08,562.0
50.12,-0.12,88.15,-0.08,513.0
50.06,-0.06,88.1,0.08,562.0
50.12,-0.12,88.0,-0.08,513.0
50.12,-0.12,87.9,0.0,524.0
50.12,-0.12,87.8,0.0,524.0
50.12,-0.12,87.7,0.0,523.0
50.06,-0.06,87.65,0.08,560.0
49.94,0.06,87.7,0.16,622.0
49.81,0.19,87.85,0.16,672.0
49.62,0.38,88.15,0.23,760.0
49.5,0.5,88.9,0.08,790.0
49.56,0.44,89.25,-0.08,743.0
49.56,0.44,89.6,0.0,756.0
49.5,0.5,90.0,0.08,794.0
49.5,0.5,90.4,0.0,784.0
49.62,0.38,90.7,-0.16,712.0
49.69,0.31,90.95,-0.08,700.0
49.75,0.25,91.15,-0.08,675.0
49.81,0.19,91.3,-0.08,651.0
49.88,0.12,91.4,-0.08,626.0
49.94,0.06,91.45,-0.08,602.0
49.94,0.06,91.5,0.0,614.0
50.0,0.0,91.5,-0.08,577.0
50.06,-0.06,91.45,-0.08,552.0
50.12,-0.12,91.35,-0.08,526.0
50.19,-0.19,91.2,-0.08,501.0
50.25,-0.25,91.0,-0.08,475.0
50.31,-0.31,90.75,-0.08,449.0
50.38,-0.38,90.45,-0.08,423.0
50.44,-0.44,90.1,-0.08,396.0
50.5,-0.5,89.7,-0.08,370.0
50.56,-0.56,89.25,-0.08,343.0
50.62,-0.62,88.75,-0.08,316.0
50.62,-0.62,88.25,0.0,326.0
50.62,-0.62,87.75,0.0,324.0
50.62,-0.62,87.25,0.0,322.0
50.62,-0.62,86.75,0.0,320.0
50.62,-0.62,86.25,0.0,318.0
50.62,-0.62,85.75,0.0,316.0
50.56,-0.56,85.3,0.08,350.0
50.56,-0.56,84.85,0.0,337.0
50.5,-0.5,84.45,0.08,372.0
50.44,-0.44,84.1,0.08,396.0
50.38,-0.38,83.8,0.08,419.0
50.31,-0.31,83.55,0.08,443.0
50.25,-0.25,83.35,0.08,468.0
50.19,-0.19,83.2,0.08,492.0
50.12,-0.12,83.1,0.08,517.0
50.0,0.0,83.1,0.16,578.0
49.94,0.06,83.15,0.08,592.0
49.88,0.12,83.25,0.08,617.0
49.75,0.25,83.45,0.16,680.0
49.69,0.31,83.7,0.08,694.0
49.62,0.38,84.0,0.08,720.0
49.56,0.44,84.35,0.08,747.0
49.5,0.5,84.75,0.08,773.0
49.44,0.56,85.2,0.08,800.0
49.44,0.56,85.65,0.0,790.0
49.38,0.62,86.65,0.0,819.0
49.31,0.69,87.2,0.08,858.0
49.19,0.81,87.85,0.16,922.0
49.19,0.81,88.5,0.0,902.0
49.12,0.88,89.2,0.08,941.0
49.19,0.81,89.85,-0.08,895.0
49.25,0.75,90.45,-0.08,873.0
49.31,0.69,91.0,-0.08,850.0
49.38,0.62,91.5,-0.08,827.0
49.5,0.5,91.9,-0.16,767.0
49.62,0.38,92.2,-0.16,718.0
49.81,0.19,92.35,-0.23,632.0
49.94,0.06,92.4,-0.16,594.0
50.06,-0.06,92.35,-0.16,543.0
50.19,-0.19,92.2,-0.16,493.0
50.25,-0.25,92.0,-0.08,479.0
50.31,-0.31,91.75,-0.08,453.0
50.38,-0.38,91.45,-0.08,427.0
50.44,-0.44,91.1,-0.08,400.0
50.5,-0.5,90.7,-0.08,374.0
50.56,-0.56,90.25,-0.08,347.0
50.56,-0.56,89.8,0.0,357.0
50.62,-0.62,89.3,-0.08,318.0
50.69,-0.69,88.75,-0.08,291.0
50.69,-0.69,88.2,0.0,300.0
50.69,-0.69,87.65,0.0,298.0
50.75,-0.75,87.05,-0.08,259.0
50.69,-0.69,86.5,0.08,305.0
50.69,-0.69,85.95,0.0,291.0
50.62,-0.62,85.45,0.08,326.0
50.56,-0.56,85.0,0.08,349.0
50.5,-0.5,84.6,0.08,373.0
50.44,-0.44,84.25,0.08,396.0
50.44,-0.44,83.9,0.0,383.0
50.31,-0.31,83.4,0.0,431.0
50.25,-0.25,83.2,0.08,467.0
50.25,-0.25,83.0,0.0,455.0
50.25,-0.25,82.8,0.0,454.0
50.19,-0.19,82.65,0.08,490.0
50.06,-0.06,82.6,0.16,551.0
49.94,0.06,82.65,0.16,602.0
49.88,0.12,82.75,0.08,615.0
49.81,0.19,82.9,0.08,641.0
49.75,0.25,83.1,0.08,667.0
49.69,0.31,83.35,0.08,693.0
49.69,0.31,83.6,0.0,682.0
49.69,0.31,83.85,0.0,683.0
49.69,0.31,84.1,0.0,684.0
49.69,0.31,84.35,0.0,685.0
49.69,0.31,84.6,0.0,686.0
49.69,0.31,84.85,0.0,687.0
49.69,0.31,85.1,0.0,688.0
49.75,0.25,85.3,-0.08,652.0
49.69,0.31,85.55,0.08,701.0
49.62,0.38,85.85,0.08,728.0
49.56,0.44,86.2,0.08,754.0
49.56,0.44,86.55,0.0,744.0
49.5,0.5,86.95,0.08,782.0
49.5,0.5,87.35,0.0,772.0
49.56,0.44,87.7,-0.08,737.0
49.62,0.38,88.0,-0.08,713.0
49.62,0.38,88.3,0.0,726.0
49.69,0.31,88.55,-0.08,690.0
49.75,0.25,88.75,-0.08,666.0
49.81,0.19,88.9,-0.08,641.0
49.81,0.19,89.05,0.0,654.0
49.81,0.19,89.2,0.0,654.0
49.81,0.19,89.35,0.0,655.0
49.88,0.12,89.45,-0.08,619.0
49.88,0.12,89.55,0.0,631.0
49.88,0.12,89.65,0.0,631.0
49.88,0.12,89.75,0.0,632.0
49.94,0.06,89.8,-0.08,595.0
50.0,0.0,89.8,-0.08,570.0
50.06,-0.06,89.75,-0.08,545.0
50.12,-0.12,89.65,-0.08,519.0
50.19,-0.19,89.5,-0.08,494.0
50.25,-0.25,89.3,-0.08,468.0
50.25,-0.25,89.1,0.0,479.0
50.25,-0.25,88.9,0.0,478.0
50.19,-0.19,88.75,0.08,514.0
50.12,-0.12,88.65,0.08,539.0
50.06,-0.06,88.6,0.08,564.0
50.06,-0.06,88.5,0.0,552.0
50.06,-0.06,88.45,0.0,551.0
50.0,0.0,88.45,0.08,588.0
50.0,0.0,88.45,0.0,576.0
50.0,0.0,88.45,0.0,576.0
50.06,-0.06,88.4,-0.08,539.0
50.06,-0.06,88.35,0.0,551.0
50.06,-0.06,88.3,0.0,551.0
49.94,0.06,88.35,0.16,624.0
49.94,0.06,88.4,0.0,601.0
49.94,0.06,88.45,0.0,601.0
49.88,0.12,88.55,0.08,638.0
49.88,0.12,88.65,0.0,627.0
49.81,0.19,88.8,0.08,664.0
49.88,0.12,88.9,-0.08,616.0
49.88,0.12,89.0,0.0,629.0
49.94,0.06,89.05,-0.08,592.0
50.0,0.0,89.05,-0.08,567.0
50.06,-0.06,89.0,-0.08,542.0
50.12,-0.12,88.9,-0.08,516.0
50.12,-0.12,88.8,0.0,528.0
50.06,-0.06,88.75,0.08,564.0
50.06,-0.06,88.7,0.0,552.0
50.0,0.0,88.7,0.08,589.0
49.94,0.06,88.75,0.08,614.0
49.94,0.06,88.8,0.0,603.0
49.94,0.06,88.85,0.0,603.0
49.94,0.06,88.9,0.0,603.0
49.94,0.06,88.95,0.0,603.0
49.94,0.06,89.0,0.0,604.0
49.94,0.06,89.05,0.0,604.0
49.94,0.06,89.1,0.0,604.0
50.0,0.0,89.1,-0.08,567.0
50.0,0.0,89.1,0.0,579.0
49.94,0.06,89.15,0.08,616.0
49.88,0.12,89.25,0.08,641.0
49.88,0.12,89.35,0.0,630.0
49.81,0.19,89.5,0.08,667.0
49.81,0.19,89.65,0.0,656.0
49.81,0.19,89.8,0.0,657.0
49.81,0.19,89.95,0.0,657.0
49.88,0.12,90.05,-0.08,621.0
49.88,0.12,90.15,0.0,633.0
49.94,0.06,90.2,-0.08,597.0
50.0,0.0,90.2,-0.08,572.0
50.06,-0.06,90.15,-0.08,546.0
50.06,-0.06,90.1,0.0,558.0
50.06,-0.06,90.05,0.0,558.0
50.06,-0.06,90.0,0.0,558.0
50.06,-0.06,89.95,0.0,557.0
50.06,-0.06,89.9,0.0,557.0
50.06,-0.06,89.85,0.0,557.0
50.06,-0.06,89.8,0.0,557.0
50.06,-0.06,89.75,0.0,557.0
50.12,-0.12,89.65,-0.08,519.0
50.19,-0.19,89.5,-0.08,494.0
50.19,-0.19,89.35,0.0,505.0
50.19,-0.19,89.2,0.0,504.0
50.19,-0.19,89.05,0.0,504.0
50.19,-0.19,88.9,0.0,503.0
50.19,-0.19,88.75,0.0,503.0
50.19,-0.19,88.6,0.0,502.0
50.12,-0.12,88.5,0.08,538.0
50.06,-0.06,88.45,0.08,563.0
50.0,0.0,88.45,0.08,588.0
50.0,0.0,88.45,0.0,576.0
50.0,0.0,88.45,0.0,576.0
50.0,0.0,88.45,0.0,576.0
50.06,-0.06,88.4,-0.08,539.0
50.06,-0.06,88.35,0.0,551.0
50.06,-0.06,88.3,0.0,551.0
50.06,-0.06,88.25,0.0,551.0
50.06,-0.06,88.2,0.0,550.0
50.12,-0.12,88.1,-0.08,513.0
50.06,-0.06,88.05,0.08,561.0
50.0,0.0,88.05,0.08,586.0
49.94,0.06,88.1,0.08,612.0
49.88,0.12,88.2,0.08,637.0
49.81,0.19,88.35,0.08,663.0
49.81,0.19,88.5,0.0,652.0
49.75,0.25,88.7,0.08,689.0
49.75,0.25,88.9,0.0,678.0
49.81,0.19,89.05,-0.08,642.0
49.81,0.19,89.2,0.0,654.0
49.81,0.19,89.35,0.0,655.0
49.88,0.12,89.45,-0.08,619.0
49.81,0.19,89.7,0.08,668.0
49.81,0.19,89.85,0.0,657.0
49.81,0.19,90.0,0.0,658.0
49.88,0.12,90.1,-0.08,621.0
49.88,0.12,90.2,0.0,633.0
49.94,0.06,90.25,-0.08,597.0
49.94,0.06,90.3,0.0,609.0
49.94,0.06,90.35,0.0,609.0
50.0,0.0,90.35,-0.08,572.0
50.0,0.0,90.35,0.0,584.0
50.06,-0.06,90.3,-0.08,547.0
50.19,-0.19,90.05,-0.08,496.0
50.19,-0.19,89.9,0.0,507.0
50.19,-0.19,89.75,0.0,507.0
50.12,-0.12,89.65,0.08,543.0
50.06,-0.06,89.6,0.08,568.0
49.94,0.06,89.65,0.16,630.0
49.88,0.12,89.75,0.08,643.0
49.81,0.19,89.9,0.08,669.0
49.81,0.19,90.05,0.0,658.0
49.88,0.12,90.15,-0.08,621.0
49.94,0.06,90.2,-0.08,597.0
49.94,0.06,90.25,0.0,609.0
50.0,0.0,90.25,-0.08,572.0
50.06,-0.06,90.2,-0.08,547.0
50.06,-0.06,90.15,0.0,558.0
50.06,-0.06,90.1,0.0,558.0
50.0,0.0,90.1,0.08,595.0
49.94,0.06,90.15,0.08,620.0
49.88,0.12,90.25,0.08,645.0
49.88,0.12,90.35,0.0,634.0
49.88,0.12,90.45,0.0,634.0
49.88,0.12,90.55,0.0,635.0
49.88,0.12,90.65,0.0,635.0
49.88,0.12,90.75,0.0,636.0
49.94,0.06,90.8,-0.08,599.0
49.94,0.06,90.85,0.0,611.0
49.94,0.06,90.9,0.0,611.0
49.81,0.19,91.05,0.16,685.0
48.69,1.31,92.1,1.41,1023.0
47.5,2.5,94.1,1.48,1023.0
46.62,3.38,96.8,1.09,1023.0
45.62,4.38,100.3,1.25,1023.0
44.81,5.19,104.45,1.02,1023.0
44.0,6.0,109.25,1.02,1023.0
43.31,6.69,114.6,0.86,1023.0
43.31,6.69,119.95,0.0,1023.0
43.5,6.5,125.15,-0.23,1023.0
43.62,6.38,130.25,-0.16,1023.0
43.81,6.19,135.2,-0.23,1023.0
44.0,6.0,140.0,-0.23,1023.0
44.12,5.88,144.7,-0.16,1023.0
44.19,5.81,149.35,-0.08,1023.0
44.38,5.62,153.85,-0.23,1023.0
44.56,5.44,158.2,-0.23,1023.0
44.81,5.19,162.35,-0.31,1023.0
45.06,4.94,166.3,-0.31,1023.0
45.31,4.69,170.05,-0.31,1023.0
45.62,4.38,173.55,-0.39,1023.0
45.88,4.12,176.85,-0.31,1023.0
46.12,3.88,179.95,-0.31,1023.0
46.38,3.62,182.85,-0.31,1023.0
46.62,3.38,185.55,-0.31,1023.0
46.94,3.06,188.0,-0.39,1023.0
47.19,2.81,190.25,-0.31,1023.0
47.38,2.62,192.35,-0.23,1023.0
47.62,2.38,194.25,-0.31,1023.0
47.81,2.19,196.0,-0.23,1023.0
48.0,2.0,197.6,-0.23,1023.0
48.19,1.81,199.05,-0.23,1023.0
48.38,1.62,200.0,-0.23,1023.0
48.56,1.44,200.0,-0.23,1023.0
48.75,1.25,200.0,-0.23,1023.0
49.0,1.0,200.0,-0.31,1023.0
49.25,0.75,200.0,-0.31,1023.0
49.44,0.56,200.0,-0.23,1023.0
49.69,0.31,200.0,-0.31,1023.0
49.88,0.12,200.0,-0.23,1023.0
50.12,-0.12,199.9,-0.31,925.0
50.25,-0.25,199.7,-0.16,898.0
50.44,-0.44,199.35,-0.23,810.0
50.56,-0.56,198.9,-0.16,770.0
50.81,-0.81,198.25,-0.31,644.0
51.0,-1.0,197.45,-0.23,577.0
51.25,-1.25,196.45,-0.31,461.0
51.5,-1.5,195.25,-0.31,357.0
51.69,-1.69,193.9,-0.23,288.0
51.81,-1.81,192.45,-0.16,244.0
51.94,-1.94,190.9,-0.16,188.0
52.12,-2.12,189.2,-0.23,94.0
52.25,-2.25,187.4,-0.16,49.0
52.31,-2.31,185.55,-0.08,28.0
52.31,-2.31,183.7,0.0,32.0
52.31,-2.31,181.85,0.0,25.0
52.31,-2.31,180.0,0.0,18.0
52.25,-2.25,178.2,0.08,47.0
52.31,-2.31,176.35,-0.08,0.0
52.31,-2.31,174.5,0.0,0.0
52.25,-2.25,172.7,0.08,25.0
52.19,-2.19,170.95,0.08,43.0
52.12,-2.12,169.25,0.08,61.0
52.06,-2.06,167.6,0.08,80.0
52.0,-2.0,166.0,0.08,98.0
51.94,-1.94,164.45,0.08,117.0
51.88,-1.88,162.95,0.08,136.0
51.75,-1.75,161.55,0.16,192.0
51.56,-1.56,160.3,0.23,274.0
51.38,-1.38,159.2,0.23,344.0
51.19,-1.19,158.25,0.23,416.0
51.0,-1.0,157.45,0.23,487.0
50.81,-0.81,156.8,0.23,560.0
50.62,-0.62,156.3,0.23,633.0
50.31,-0.31,155.65,0.23,755.0
50.25,-0.25,155.45,0.08,756.0
50.12,-0.12,155.35,0.16,817.0
50.06,-0.06,155.3,0.08,830.0
50.0,0.0,155.3,0.08,855.0
50.0,0.0,155.3,0.0,844.0
50.0,0.0,155.3,0.0,844.0
49.94,0.06,155.35,0.08,881.0
49.88,0.12,155.45,0.08,906.0
49.88,0.12,155.55,0.0,895.0
49.94,0.06,155.7,-0.08,859.0
50.0,0.0,155.7,-0.08,834.0
50.06,-0.06,155.65,-0.08,808.0
50.12,-0.12,155.55,-0.08,783.0
50.19,-0.19,155.4,-0.08,757.0
50.25,-0.25,155.2,-0.08,732.0
50.31,-0.31,154.95,-0.08,706.0
50.38,-0.38,154.65,-0.08,679.0
50.38,-0.38,154.35,0.0,690.0
50.38,-0.38,154.05,0.0,689.0
50.38,-0.38,153.75,0.0,688.0
50.38,-0.38,153.45,0.0,686.0
50.44,-0.44,153.1,-0.08,648.0
50.5,-0.5,152.7,-0.08,622.0
50.56,-0.56,152.25,-0.08,595.0
50.62,-0.62,151.75,-0.08,568.0
50.75,-0.75,151.15,-0.16,504.0
50.81,-0.81,150.5,-0.08,488.0
50.88,-0.88,149.8,-0.08,460.0
50.94,-0.94,149.05,-0.08,432.0
51.0,-1.0,148.25,-0.08,404.0
51.12,-1.12,147.35,-0.16,338.0
51.25,-1.25,146.35,-0.16,284.0
51.31,-1.31,145.3,-0.08,267.0
51.44,-1.44,144.15,-0.16,201.0
51.56,-1.56,142.9,-0.16,146.0
51.69,-1.69,141.55,-0.16,90.0
51.75,-1.75,140.15,-0.08,71.0
51.88,-1.88,138.65,-0.16,4.0
51.94,-1.94,137.1,-0.08,0.0
52.06,-2.06,135.45,-0.16,0.0
52.06,-2.06,133.8,0.0,0.0
52.12,-2.12,132.1,-0.08,0.0
52.19,-2.19,130.35,-0.08,0.0
52.19,-2.19,128.6,0.0,0.0
52.25,-2.25,126.8,-0.08,0.0
52.25,-2.25,125.0,0.0,0.0
52.25,-2.25,123.2,0.0,0.0
52.25,-2.25,121.4,0.0,0.0
52.19,-2.19,119.65,0.08,0.0
52.19,-2.19,117.9,0.0,0.0
52.12,-2.12,116.2,0.08,0.0
52.12,-2.12,114.5,0.0,0.0
52.06,-2.06,112.85,0.08,0.0
52.0,-2.0,111.25,0.08,0.0
51.94,-1.94,109.7,0.08,0.0
51.88,-1.88,108.2,0.08,0.0
51.81,-1.81,106.75,0.08,0.0
51.69,-1.69,105.4,0.16,0.0
51.62,-1.62,104.1,0.08,1.0
51.56,-1.56,102.85,0.08,21.0
51.5,-1.5,101.65,0.08,41.0
51.38,-1.38,100.55,0.16,98.0
51.31,-1.31,99.5,0.08,107.0
51.19,-1.19,98.55,0.16,165.0
51.12,-1.12,97.65,0.08,175.0
51.0,-1.0,96.85,0.16,233.0
50.94,-0.94,96.1,0.08,244.0
50.81,-0.81,95.45,0.16,303.0
50.75,-0.75,94.85,0.08,314.0
50.69,-0.69,94.3,0.08,336.0
50.56,-0.56,93.85,0.16,396.0
50.5,-0.5,93.45,0.08,408.0
50.44,-0.44,93.1,0.08,432.0
50.38,-0.38,92.8,0.08,455.0
50.31,-0.31,92.55,0.08,479.0
50.25,-0.25,92.35,0.08,504.0
50.19,-0.19,92.2,0.08,528.0
50.0,0.0,92.2,0.23,626.0
49.88,0.12,92.3,0.16,665.0
49.75,0.25,92.5,0.16,716.0
49.62,0.38,92.8,0.16,767.0
49.5,0.5,93.2,0.16,819.0
49.38,0.62,93.7,0.16,871.0
49.31,0.69,94.25,0.08,886.0
49.19,0.81,94.9,0.16,951.0
49.19,0.81,95.55,0.0,930.0
49.12,0.88,96.95,0.0,960.0
49.12,0.88,97.65,0.0,963.0
49.12,0.88,98.35,0.0,966.0
49.12,0.88,99.05,0.0,969.0
49.19,0.81,99.7,-0.08,935.0
49.19,0.81,100.35,0.0,949.0
49.25,0.75,100.95,-0.08,915.0
49.44,0.56,101.9,-0.08,843.0
49.56,0.44,102.25,-0.16,783.0
49.69,0.31,102.5,-0.16,734.0
49.75,0.25,102.7,-0.08,722.0
49.88,0.12,102.8,-0.16,660.0
49.94,0.06,102.85,-0.08,647.0
50.06,-0.06,102.8,-0.16,585.0
50.19,-0.19,102.65,-0.16,535.0
50.31,-0.31,102.4,-0.16,484.0
50.44,-0.44,102.05,-0.16,432.0
50.56,-0.56,101.6,-0.16,380.0
50.62,-0.62,101.1,-0.08,365.0
50.75,-0.75,100.5,-0.16,301.0
50.81,-0.81,99.85,-0.08,285.0
50.81,-0.81,99.2,0.0,294.0
50.81,-0.81,98.55,0.0,292.0
50.88,-0.88,97.85,-0.08,252.0
50.94,-0.94,97.1,-0.08,224.0
51.0,-1.0,96.3,-0.08,196.0
51.06,-1.06,95.45,-0.08,168.0
51.12,-1.12,94.55,-0.08,139.0
51.12,-1.12,93.65,0.0,147.0
51.06,-1.06,92.8,0.08,180.0
51.06,-1.06,91.95,0.0,165.0
51.12,-1.12,91.05,-0.08,125.0
51.06,-1.06,90.2,0.08,170.0
51.06,-1.06,89.35,0.0,155.0
51.0,-1.0,88.55,0.08,188.0
50.94,-0.94,87.8,0.08,210.0
50.88,-0.88,87.1,0.08,233.0
50.75,-0.75,86.5,0.16,292.0
50.69,-0.69,85.95,0.08,303.0
50.56,-0.56,85.5,0.16,363.0
50.44,-0.44,85.15,0.16,412.0
50.31,-0.31,84.9,0.16,461.0
50.19,-0.19,84.75,0.16,510.0
50.06,-0.06,84.7,0.16,560.0
50.0,0.0,84.7,0.08,573.0
49.88,0.12,84.8,0.16,635.0
49.69,0.31,85.05,0.23,723.0
49.44,0.56,85.5,0.31,836.0
49.25,0.75,86.1,0.23,902.0
49.12,0.88,86.8,0.16,943.0
49.06,0.94,87.55,0.08,959.0
49.06,0.94,88.3,0.0,951.0
49.0,1.0,89.1,0.08,991.0
48.94,1.06,89.95,0.08,1019.0
49.0,1.0,90.75,-0.08,974.0
49.0,1.0,91.55,0.0,989.0
49.06,0.94,92.3,-0.08,955.0
49.12,0.88,93.0,-0.08,933.0
49.19,0.81,93.65,-0.08,910.0
49.25,0.75,94.25,-0.08,888.0
49.25,0.75,94.85,0.0,902.0
49.31,0.69,95.4,-0.08,867.0
49.38,0.62,95.9,-0.08,844.0
49.5,0.5,96.3,-0.16,784.0
49.62,0.38,96.6,-0.16,735.0
49.69,0.31,96.85,-0.08,723.0
49.81,0.19,97.0,-0.16,662.0
50.0,0.0,97.0,-0.23,575.0
50.06,-0.06,96.95,-0.08,574.0
50.25,-0.25,96.75,-0.23,474.0
50.31,-0.31,96.5,-0.08,472.0
50.5,-0.5,96.1,-0.23,372.0
50.56,-0.56,95.65,-0.08,368.0
50.69,-0.69,95.1,-0.16,304.0
50.75,-0.75,94.5,-0.08,289.0
50.81,-0.81,93.85,-0.08,261.0
50.88,-0.88,93.15,-0.08,233.0
50.88,-0.88,92.45,0.0,242.0
50.88,-0.88,91.75,0.0,239.0
50.88,-0.88,91.05,0.0,237.0
50.88,-0.88,90.35,0.0,234.0
50.81,-0.81,89.7,0.08,268.0
50.81,-0.81,89.05,0.0,254.0
50.75,-0.75,88.45,0.08,288.0
50.69,-0.69,87.9,0.08,311.0
50.62,-0.62,87.4,0.08,334.0
50.5,-0.5,87.0,0.16,394.0
50.44,-0.44,86.65,0.08,406.0
50.38,-0.38,86.35,0.08,430.0
50.25,-0.25,86.15,0.16,491.0
50.19,-0.19,86.0,0.08,503.0
50.19,-0.19,85.85,0.0,491.0
50.19,-0.19,85.7,0.0,490.0
50.06,-0.06,85.65,0.16,564.0
50.0,0.0,85.65,0.08,577.0
49.94,0.06,85.7,0.08,602.0
49.88,0.12,85.8,0.08,627.0
49.81,0.19,85.95,0.08,653.0
49.81,0.19,86.1,0.0,642.0
49.81,0.19,86.25,0.0,642.0
49.75,0.25,86.45,0.08,680.0
49.69,0.31,86.7,0.08,706.0
49.69,0.31,86.95,0.0,695.0
49.69,0.31,87.2,0.0,696.0
49.69,0.31,87.45,0.0,697.0
49.69,0.31,87.7,0.0,698.0
49.69,0.31,87.95,0.0,699.0
49.69,0.31,88.2,0.0,700.0
49.69,0.31,88.45,0.0,701.0
49.69,0.31,88.7,0.0,702.0
49.69,0.31,88.95,0.0,703.0
49.75,0.25,89.15,-0.08,667.0
49.75,0.25,89.35,0.0,680.0
49.81,0.19,89.5,-0.08,644.0
49.88,0.12,89.6,-0.08,619.0
49.88,0.12,89.7,0.0,631.0
49.88,0.12,89.8,0.0,632.0
49.88,0.12,89.9,0.0,632.0
49.94,0.06,89.95,-0.08,596.0
50.0,0.0,89.95,-0.08,571.0
50.0,0.0,89.95,0.0,582.0
50.06,-0.06,89.9,-0.08,545.0
50.12,-0.12,89.8,-0.08,520.0
50.25,-0.25,89.6,-0.16,457.0
50.31,-0.31,89.35,-0.08,443.0
50.31,-0.31,89.1,0.0,454.0
50.31,-0.31,88.85,0.0,453.0
50.38,-0.38,88.55,-0.08,415.0
50.38,-0.38,88.25,0.0,425.0
50.38,-0.38,87.95,0.0,424.0
50.44,-0.44,87.6,-0.08,386.0
50.5,-0.5,87.2,-0.08,360.0
50.5,-0.5,86.8,0.0,370.0
50.5,-0.5,86.4,0.0,368.0
50.5,-0.5,85.6,0.0,365.0
50.5,-0.5,85.2,0.0,363.0
50.5,-0.5,84.8,0.0,362.0
50.5,-0.5,84.4,0.0,360.0
50.44,-0.44,84.05,0.08,395.0
50.44,-0.44,83.7,0.0,382.0
50.38,-0.38,83.4,0.08,418.0
50.31,-0.31,83.15,0.08,442.0
50.31,-0.31,82.9,0.0,429.0
50.31,-0.31,82.65,0.0,428.0
50.31,-0.31,82.4,0.0,427.0
50.25,-0.25,82.2,0.08,463.0
50.25,-0.25,82.0,0.0,450.0
50.19,-0.19,81.85,0.08,487.0
50.06,-0.06,81.8,0.16,548.0
49.25,0.75,82.4,1.02,1004.0
48.44,1.56,83.65,1.02,1023.0
47.5,2.5,85.65,1.17,1023.0
46.44,3.56,88.5,1.33,1023.0
45.88,4.12,91.8,0.7,1023.0
45.12,4.88,95.7,0.94,1023.0
44.44,5.56,100.15,0.86,1023.0
44.12,5.88,104.85,0.39,1023.0
44.19,5.81,109.5,-0.08,1023.0
44.31,5.69,114.05,-0.16,10.0
44.5,5.5,118.45,-0.23,1023.0
44.88,5.12,126.8,-0.23,1023.0
45.12,4.88,130.7,-0.31,1023.0
45.31,4.69,134.45,-0.23,1023.0
45.5,4.5,138.05,-0.23,1023.0
45.62,4.38,141.55,-0.16,1023.0
45.94,4.06,148.2,-0.23,1023.0
46.38,3.62,154.15,-0.23,1023.0
46.62,3.38,156.85,-0.31,1023.0
46.88,3.12,159.35,-0.31,1023.0
47.12,2.88,161.65,-0.31,1023.0
47.38,2.62,163.75,-0.31,1023.0
47.62,2.38,165.65,-0.31,1023.0
47.88,2.12,167.35,-0.31,1023.0
48.12,1.88,168.85,-0.31,1023.0
48.38,1.62,170.15,-0.31,1023.0
48.62,1.38,171.25,-0.31,1023.0
48.81,1.19,172.2,-0.23,1023.0
49.06,0.94,172.95,-0.31,1023.0
49.25,0.75,173.55,-0.23,1023.0
49.44,0.56,174.0,-0.23,1023.0
49.62,0.38,174.3,-0.23,1023.0
49.81,0.19,174.45,-0.23,960.0
49.94,0.06,174.5,-0.16,922.0
50.12,-0.12,174.4,-0.23,835.0
50.38,-0.38,174.1,-0.31,722.0
50.56,-0.56,173.65,-0.23,657.0
50.81,-0.81,173.0,-0.31,543.0
51.06,-1.06,172.15,-0.31,439.0
51.38,-1.38,170.05,-0.16,329.0
51.69,-1.69,167.45,-0.16,194.0
51.81,-1.81,166.0,-0.16,138.0
51.94,-1.94,164.45,-0.16,82.0
52.0,-2.0,162.85,-0.08,62.0
52.06,-2.06,161.2,-0.08,31.0
52.12,-2.12,159.5,-0.08,0.0
52.19,-2.19,157.75,-0.08,0.0
52.19,-2.19,156.0,0.0,0.0
52.19,-2.19,154.25,0.0,0.0
52.19,-2.19,152.5,0.0,0.0
52.12,-2.12,150.8,0.08,0.0
52.0,-2.0,149.2,0.16,43.0
51.94,-1.94,147.65,0.08,50.0
51.81,-1.81,146.2,0.16,106.0
51.69,-1.69,144.85,0.16,150.0
51.56,-1.56,143.6,0.16,195.0
51.44,-1.44,142.45,0.16,241.0
51.31,-1.31,141.4,0.16,287.0
51.06,-1.06,139.6,0.16,379.0
50.94,-0.94,138.85,0.16,426.0
50.88,-0.88,138.15,0.08,437.0
50.75,-0.75,137.55,0.16,496.0
50.62,-0.62,137.05,0.16,544.0
50.5,-0.5,136.65,0.16,593.0
50.44,-0.44,136.3,0.08,604.0
50.31,-0.31,136.05,0.16,665.0
50.19,-0.19,135.9,0.16,715.0
50.06,-0.06,135.85,0.16,764.0
49.94,0.06,135.9,0.16,815.0
49.88,0.12,136.0,0.08,828.0
49.75,0.25,136.2,0.16,891.0
49.69,0.31,136.45,0.08,905.0
49.62,0.38,136.75,0.08,931.0
49.56,0.44,137.1,0.08,958.0
49.5,0.5,137.5,0.08,984.0
49.44,0.56,137.95,0.08,1011.0
49.38,0.62,138.45,0.08,1023.0
49.31,0.69,139.0,0.08,1023.0
49.38,0.62,139.5,-0.08,1019.0
49.38,0.62,140.0,0.0,1023.0
49.38,0.62,140.5,0.0,1023.0
49.44,0.56,140.95,-0.08,1000.0
49.56,0.44,141.3,-0.16,939.0
49.56,0.44,141.65,0.0,964.0
49.69,0.31,141.9,-0.16,892.0
49.81,0.19,142.05,-0.16,842.0
49.88,0.12,142.15,-0.08,829.0
50.06,-0.06,142.1,-0.23,731.0
50.19,-0.19,141.95,-0.16,692.0
50.31,-0.31,141.7,-0.16,641.0
50.44,-0.44,141.35,-0.16,589.0
50.56,-0.56,140.9,-0.16,538.0
50.69,-0.69,140.35,-0.16,485.0
50.81,-0.81,139.7,-0.16,433.0
50.88,-0.88,139.0,-0.08,417.0
50.94,-0.94,138.25,-0.08,389.0
51.06,-1.06,137.4,-0.16,324.0
51.12,-1.12,136.5,-0.08,307.0
51.25,-1.25,135.5,-0.16,241.0
51.31,-1.31,134.45,-0.08,224.0
51.38,-1.38,133.35,-0.08,194.0
51.38,-1.38,132.25,0.0,201.0
51.31,-1.31,131.2,0.08,234.0
51.19,-1.19,130.25,0.16,292.0
51.06,-1.06,129.4,0.16,339.0
50.94,-0.94,128.65,0.16,386.0
50.88,-0.88,127.95,0.08,396.0
50.81,-0.81,127.3,0.08,418.0
50.75,-0.75,126.7,0.08,441.0
50.69,-0.69,126.15,0.08,464.0
50.69,-0.69,125.6,0.0,450.0
50.75,-0.75,125.0,-0.08,411.0
50.75,-0.75,124.4,0.0,420.0
50.69,-0.69,123.85,0.08,455.0
50.69,-0.69,123.3,0.0,441.0
50.69,-0.69,122.75,0.0,438.0
50.62,-0.62,122.25,0.08,473.0
50.62,-0.62,121.75,0.0,459.0
50.62,-0.62,121.25,0.0,457.0
50.56,-0.56,120.8,0.08,492.0
50.5,-0.5,120.4,0.08,516.0
50.44,-0.44,120.05,0.08,539.0
50.44,-0.44,119.7,0.0,526.0
50.44,-0.44,119.35,0.0,525.0
50.44,-0.44,119.0,0.0,523.0
50.38,-0.38,118.7,0.08,559.0
50.38,-0.38,118.4,0.0,546.0
50.31,-0.31,118.15,0.08,582.0
50.19,-0.19,118.0,0.16,643.0
50.0,0.0,118.0,0.23,730.0
49.94,0.06,118.05,0.08,731.0
49.81,0.19,118.2,0.16,794.0
49.75,0.25,118.4,0.08,808.0
49.75,0.25,118.6,0.0,797.0
49.75,0.25,118.8,0.0,798.0
49.75,0.25,119.0,0.0,798.0
49.81,0.19,119.15,-0.08,762.0
49.88,0.12,119.25,-0.08,738.0
50.0,0.0,119.25,-0.16,676.0
50.12,-0.12,119.15,-0.16,626.0
50.19,-0.19,119.0,-0.08,612.0
50.25,-0.25,118.8,-0.08,586.0
50.25,-0.25,118.6,0.0,597.0
50.31,-0.31,118.35,-0.08,559.0
50.31,-0.31,118.1,0.0,570.0
50.31,-0.31,117.85,0.0,569.0
50.31,-0.31,117.6,0.0,568.0
50.38,-0.38,117.3,-0.08,530.0
50.5,-0.5,116.9,-0.16,467.0
50.56,-0.56,116.45,-0.08,452.0
50.62,-0.62,115.95,-0.08,425.0
50.69,-0.69,115.4,-0.08,397.0
50.75,-0.75,114.8,-0.08,370.0
50.81,-0.81,114.15,-0.08,342.0
50.88,-0.88,113.45,-0.08,315.0
50.94,-0.94,112.7,-0.08,287.0
50.94,-0.94,111.95,0.0,295.0
50.88,-0.88,111.25,0.08,329.0
50.81,-0.81,110.6,0.08,352.0
50.75,-0.75,110.0,0.08,374.0
50.69,-0.69,109.45,0.08,397.0
50.62,-0.62,108.95,0.08,420.0
50.62,-0.62,108.45,0.0,406.0
50.62,-0.62,107.95,0.0,404.0
50.62,-0.62,106.95,0.0,400.0
50.56,-0.56,106.5,0.08,435.0
50.56,-0.56,106.05,0.0,422.0
50.56,-0.56,105.6,0.0,420.0
50.5,-0.5,105.2,0.08,455.0
50.5,-0.5,104.8,0.0,442.0
50.5,-0.5,104.4,0.0,440.0
50.44,-0.44,104.05,0.08,475.0
50.44,-0.44,103.7,0.0,462.0
50.38,-0.38,103.4,0.08,498.0
50.31,-0.31,103.15,0.08,522.0
50.25,-0.25,102.95,0.08,546.0
50.25,-0.25,102.75,0.0,533.0
50.25,-0.25,102.55,0.0,533.0
50.25,-0.25,102.35,0.0,532.0
50.25,-0.25,102.15,0.0,531.0
50.25,-0.25,101.95,0.0,530.0
50.25,-0.25,101.75,0.0,529.0
50.25,-0.25,101.55,0.0,529.0
50.31,-0.31,101.3,-0.08,491.0
50.25,-0.25,101.1,0.08,539.0
50.25,-0.25,100.9,0.0,526.0
50.25,-0.25,100.7,0.0,525.0
50.25,-0.25,100.5,0.0,524.0
50.25,-0.25,100.3,0.0,524.0
50.19,-0.19,100.15,0.08,560.0
50.19,-0.19,100.0,0.0,547.0
50.12,-0.12,99.9,0.08,584.0
50.12,-0.12,99.8,0.0,572.0
50.19,-0.19,99.65,-0.08,534.0
50.25,-0.25,99.45,-0.08,509.0
50.25,-0.25,99.25,0.0,520.0
50.25,-0.25,99.05,0.0,519.0
50.25,-0.25,98.85,0.0,518.0
50.31,-0.31,98.6,-0.08,480.0
50.31,-0.31,98.35,0.0,491.0
50.31,-0.31,98.1,0.0,490.0
50.31,-0.31,97.85,0.0,489.0
50.38,-0.38,97.55,-0.08,451.0
50.38,-0.38,97.25,0.0,462.0
50.44,-0.44,96.9,-0.08,423.0
50.5,-0.5,96.5,-0.08,397.0
50.5,-0.5,96.1,0.0,407.0
50.56,-0.56,95.65,-0.08,368.0
50.62,-0.62,95.15,-0.08,341.0
50.56,-0.56,94.7,0.08,388.0
50.62,-0.62,94.2,-0.08,338.0
50.62,-0.62,93.7,0.0,347.0
50.62,-0.62,93.2,0.0,345.0
50.62,-0.62,92.7,0.0,343.0
50.56,-0.56,92.25,0.08,378.0
50.56,-0.56,91.8,0.0,365.0
50.5,-0.5,91.4,0.08,400.0
50.5,-0.5,91.0,0.0,387.0
50.5,-0.5,90.6,0.0,385.0
50.5,-0.5,90.2,0.0,383.0
50.5,-0.5,89.8,0.0,382.0
50.5,-0.5,89.4,0.0,380.0
50.44,-0.44,89.05,0.08,415.0
50.44,-0.44,88.7,0.0,402.0
50.44,-0.44,88.35,0.0,401.0
50.38,-0.38,87.75,0.0,424.0
50.31,-0.31,87.5,0.08,459.0
50.31,-0.31,87.25,0.0,447.0
50.25,-0.25,87.05,0.08,482.0
50.19,-0.19,86.9,0.08,507.0
50.12,-0.12,86.8,0.08,531.0
50.12,-0.12,86.7,0.0,519.0
50.12,-0.12,86.6,0.0,519.0
50.12,-0.12,86.5,0.0,519.0
50.19,-0.19,86.35,-0.08,481.0
50.19,-0.19,86.2,0.0,492.0
50.25,-0.25,86.0,-0.08,455.0
50.31,-0.31,85.75,-0.08,429.0
50.38,-0.38,85.45,-0.08,403.0
50.38,-0.38,85.15,0.0,413.0
50.31,-0.31,84.9,0.08,449.0
50.25,-0.25,84.7,0.08,473.0
50.25,-0.25,84.5,0.0,461.0
50.25,-0.25,84.3,0.0,460.0
50.25,-0.25,84.1,0.0,459.0
50.25,-0.25,83.9,0.0,458.0
50.25,-0.25,83.7,0.0,457.0
50.19,-0.19,83.55,0.08,493.0
50.19,-0.19,83.4,0.0,481.0
50.19,-0.19,83.25,0.0,481.0
50.12,-0.12,83.15,0.08,517.0
50.06,-0.06,83.1,0.08,542.0
50.06,-0.06,83.05,0.0,530.0
50.0,0.0,83.05,0.08,566.0
50.0,0.0,83.05,0.0,555.0
50.0,0.0,83.05,0.0,555.0
49.94,0.06,83.1,0.08,592.0
49.94,0.06,83.15,0.0,580.0
49.94,0.06,83.2,0.0,580.0
50.0,0.0,83.2,-0.08,544.0
50.0,0.0,83.2,0.0,555.0
50.06,-0.06,83.15,-0.08,518.0
50.06,-0.06,83.1,0.0,530.0
50.12,-0.12,83.0,-0.08,493.0
50.12,-0.12,82.9,0.0,504.0
50.19,-0.19,82.75,-0.08,467.0
50.19,-0.19,82.6,0.0,478.0
50.19,-0.19,82.45,0.0,477.0
50.19,-0.19,82.3,0.0,477.0
50.19,-0.19,82.15,0.0,476.0
50.25,-0.25,81.95,-0.08,439.0
50.25,-0.25,81.75,0.0,450.0
50.25,-0.25,81.55,0.0,449.0
50.31,-0.31,81.3,-0.08,411.0
50.38,-0.38,81.0,-0.08,385.0
50.38,-0.38,80.7,0.0,395.0
50.38,-0.38,80.4,0.0,394.0
50.38,-0.38,80.1,0.0,393.0
50.38,-0.38,79.8,0.0,392.0
50.38,-0.38,79.5,0.0,391.0
50.38,-0.38,78.9,0.0,388.0
50.38,-0.38,78.6,0.0,387.0
50.44,-0.44,78.25,-0.08,349.0
50.38,-0.38,77.95,0.08,396.0
50.44,-0.44,77.6,-0.08,346.0
50.38,-0.38,77.3,0.08,393.0
50.38,-0.38,77.0,0.0,380.0
50.38,-0.38,76.7,0.0,379.0
50.31,-0.31,76.45,0.08,415.0
50.25,-0.25,76.25,0.08,439.0
50.25,-0.25,76.05,0.0,427.0
50.19,-0.19,75.9,0.08,463.0
50.19,-0.19,75.75,0.0,450.0
50.12,-0.12,75.65,0.08,487.0
50.12,-0.12,75.55,0.0,475.0
50.12,-0.12,75.45,0.0,474.0
50.12,-0.12,75.35,0.0,474.0
50.06,-0.06,75.3,0.08,510.0
50.06,-0.06,75.25,0.0,498.0
50.06,-0.06,75.2,0.0,498.0
50.06,-0.06,75.15,0.0,498.0
50.06,-0.06,75.1,0.0,498.0
50.06,-0.06,75.05,0.0,498.0
50.06,-0.06,75.0,0.0,497.0
50.06,-0.06,74.95,0.0,497.0
50.06,-0.06,74.9,0.0,497.0
50.0,0.0,74.85,0.08,534.0
50.0,0.0,74.85,0.0,522.0
50.0,0.0,74.85,0.0,522.0
50.0,0.0,74.85,0.0,522.0
50.0,0.0,74.85,0.0,522.0
50.0,0.0,74.85,0.0,522.0
50.06,-0.06,74.8,-0.08,485.0
50.06,-0.06,74.75,0.0,496.0
50.12,-0.12,74.65,-0.08,459.0
50.12,-0.12,74.55,0.0,471.0
50.19,-0.19,74.4,-0.08,433.0
50.19,-0.19,74.25,0.0,444.0
50.19,-0.19,74.1,0.0,444.0
50.19,-0.19,73.95,0.0,443.0
50.19,-0.19,73.8,0.0,443.0
50.19,-0.19,73.65,0.0,442.0
50.19,-0.19,73.5,0.0,441.0
50.19,-0.19,73.35,0.0,441.0
50.19,-0.19,73.2,0.0,440.0
50.25,-0.25,73.0,-0.08,403.0
50.25,-0.25,72.8,0.0,414.0
50.25,-0.25,72.6,0.0,413.0
50.25,-0.25,72.4,0.0,412.0
50.25,-0.25,72.2,0.0,411.0
50.19,-0.19,72.05,0.08,447.0
50.25,-0.25,71.85,-0.08,398.0
50.25,-0.25,71.65,0.0,409.0
50.25,-0.25,71.45,0.0,408.0
50.19,-0.19,71.3,0.08,444.0
50.19,-0.19,71.15,0.0,432.0
50.12,-0.12,71.05,0.08,468.0
50.12,-0.12,70.95,0.0,456.0
50.12,-0.12,70.85,0.0,456.0
50.12,-0.12,70.75,0.0,455.0
50.12,-0.12,70.65,0.0,455.0
50.12,-0.12,70.55,0.0,455.0
50.12,-0.12,70.45,0.0,454.0
50.06,-0.06,70.4,0.08,491.0
50.06,-0.06,70.35,0.0,479.0
50.06,-0.06,70.3,0.0,479.0
50.06,-0.06,70.25,0.0,478.0
50.06,-0.06,70.2,0.0,478.0
50.0,0.0,70.2,0.08,515.0
50.0,0.0,70.2,0.0,503.0
50.0,0.0,70.2,0.0,503.0
50.0,0.0,70.2,0.0,503.0
50.0,0.0,70.2,0.0,503.0
50.0,0.0,70.2,0.0,503.0
50.0,0.0,70.2,0.0,503.0
50.0,0.0,70.2,0.0,503.0
49.94,0.06,70.25,0.08,540.0
50.0,0.0,70.25,-0.08,492.0
50.0,0.0,70.25,0.0,503.0
50.0,0.0,70.25,0.0,503.0
50.06,-0.06,70.2,-0.08,467.0
50.06,-0.06,70.15,0.0,478.0
50.06,-0.06,70.1,0.0,478.0
50.12,-0.12,70.0,-0.08,441.0
50.12,-0.12,69.9,0.0,452.0
50.19,-0.19,69.75,-0.08,415.0
50.19,-0.19,69.6,0.0,426.0
50.19,-0.19,69.45,0.0,425.0
50.19,-0.19,69.3,0.0,425.0
50.19,-0.19,69.15,0.0,424.0
50.25,-0.25,68.95,-0.08,387.0
50.25,-0.25,68.75,0.0,397.0
50.25,-0.25,68.55,0.0,397.0
50.31,-0.31,68.3,-0.08,359.0
50.31,-0.31,68.05,0.0,370.0
50.31,-0.31,67.8,0.0,369.0
50.25,-0.25,67.6,0.08,405.0
50.25,-0.25,67.4,0.0,392.0
50.25,-0.25,67.2,0.0,391.0
50.25,-0.25,67.0,0.0,390.0
50.19,-0.19,66.85,0.08,427.0
50.19,-0.19,66.7,0.0,414.0
50.19,-0.19,66.55,0.0,414.0
50.19,-0.19,66.4,0.0,413.0
50.12,-0.12,66.3,0.08,449.0
50.12,-0.12,66.2,0.0,437.0
50.12,-0.12,66.1,0.0,437.0
50.12,-0.12,66.0,0.0,436.0
50.12,-0.12,65.9,0.0,436.0
50.12,-0.12,65.8,0.0,436.0
50.12,-0.12,65.7,0.0,435.0
50.12,-0.12,65.6,0.0,435.0
50.19,-0.19,65.45,-0.08,398.0
50.25,-0.25,65.25,-0.08,372.0
50.25,-0.25,65.05,0.0,383.0
50.31,-0.31,64.8,-0.08,345.0
50.38,-0.38,64.5,-0.08,319.0
50.44,-0.44,64.15,-0.08,292.0
50.44,-0.44,63.8,0.0,303.0
50.5,-0.5,63.4,-0.08,264.0
50.56,-0.56,62.95,-0.08,238.0
50.69,-0.69,61.9,-0.08,183.0
50.69,-0.69,61.35,0.0,193.0
50.75,-0.75,60.75,-0.08,154.0
50.75,-0.75,60.15,0.0,163.0
50.81,-0.81,59.5,-0.08,124.0
50.81,-0.81,58.85,0.0,133.0
50.88,-0.88,58.15,-0.08,93.0
50.88,-0.88,57.45,0.0,102.0
50.88,-0.88,56.75,0.0,99.0
50.88,-0.88,56.05,0.0,97.0
50.88,-0.88,55.35,0.0,94.0
50.88,-0.88,54.65,0.0,91.0
50.88,-0.88,53.95,0.0,800.0
50.88,-0.88,53.25,0.0,85.0
50.88,-0.88,52.55,0.0,83.0
50.81,-0.81,51.9,0.08,117.0
50.81,-0.81,51.25,0.0,102.0
50.75,-0.75,50.65,0.08,137.0
50.75,-0.75,50.05,0.0,123.0
50.69,-0.69,49.5,0.08,157.0
50.69,-0.69,48.95,0.0,143.0
50.62,-0.62,48.45,0.08,178.0
50.56,-0.56,48.0,0.08,201.0
50.56,-0.56,47.55,0.0,188.0
50.5,-0.5,47.15,0.08,223.0
50.44,-0.44,46.8,0.08,246.0
50.44,-0.44,46.45,0.0,233.0
50.31,-0.31,46.2,0.16,306.0
50.31,-0.31,45.95,0.0,281.0
50.31,-0.31,45.7,0.0,280.0
50.25,-0.25,45.5,0.08,316.0
50.19,-0.19,45.35,0.08,341.0
50.19,-0.19,45.2,0.0,328.0
50.19,-0.19,45.05,0.0,328.0
50.12,-0.12,44.95,0.08,364.0
50.12,-0.12,44.85,0.0,352.0
50.06,-0.06,44.8,0.08,388.0
50.06,-0.06,44.75,0.0,376.0
50.06,-0.06,44.7,0.0,376.0
50.06,-0.06,44.65,0.0,376.0
50.06,-0.06,44.6,0.0,376.0
50.06,-0.06,44.55,0.0,376.0
50.06,-0.06,44.5,0.0,375.0
50.12,-0.12,44.4,-0.08,338.0
50.12,-0.12,44.3,0.0,350.0
50.12,-0.12,44.2,0.0,349.0
50.12,-0.12,44.1,0.0,349.0
50.19,-0.19,43.95,-0.08,312.0
50.19,-0.19,43.8,0.0,323.0
50.25,-0.25,43.6,-0.08,285.0
50.25,-0.25,43.4,0.0,296.0
50.25,-0.25,43.2,0.0,295.0
50.31,-0.31,42.95,-0.08,258.0
50.31,-0.31,42.7,0.0,268.0
50.38,-0.38,42.4,-0.08,230.0
50.44,-0.44,42.05,-0.08,204.0
50.44,-0.44,41.7,0.0,214.0
50.44,-0.44,41.35,0.0,213.0
50.44,-0.44,41.0,0.0,211.0
50.5,-0.5,40.6,-0.08,173.0
50.5,-0.5,40.2,0.0,183.0
50.56,-0.56,39.75,-0.08,145.0
50.56,-0.56,39.3,0.0,155.0
50.56,-0.56,38.85,0.0,153.0
50.56,-0.56,38.4,0.0,151.0
50.56,-0.56,37.95,0.0,149.0
50.56,-0.56,37.5,0.0,147.0
50.56,-0.56,37.05,0.0,146.0
50.56,-0.56,36.6,0.0,144.0
50.56,-0.56,36.15,0.0,142.0
50.56,-0.56,35.7,0.0,140.0
50.56,-0.56,35.25,0.0,138.0
50.56,-0.56,34.8,0.0,137.0
50.5,-0.5,34.4,0.08,172.0
50.5,-0.5,34.0,0.0,158.0
50.44,-0.44,33.65,0.08,194.0
50.44,-0.44,33.3,0.0,181.0
50.44,-0.44,32.95,0.0,179.0
50.38,-0.38,32.65,0.08,215.0
50.38,-0.38,32.35,0.0,202.0
50.31,-0.31,32.1,0.08,238.0
50.31,-0.31,31.85,0.0,225.0
50.31,-0.31,31.6,0.0,224.0
50.25,-0.25,31.4,0.08,260.0
50.25,-0.25,31.2,0.0,247.0
50.19,-0.19,31.05,0.08,283.0
50.19,-0.19,30.9,0.0,271.0
50.19,-0.19,30.75,0.0,270.0
50.12,-0.12,30.65,0.08,307.0
50.12,-0.12,30.55,0.0,295.0
50.12,-0.12,30.45,0.0,294.0
50.06,-0.06,30.4,0.08,331.0
50.06,-0.06,30.35,0.0,319.0
50.06,-0.06,30.3,0.0,319.0
50.06,-0.06,30.25,0.0,318.0
50.06,-0.06,30.2,0.0,318.0
50.06,-0.06,30.15,0.0,318.0
50.06,-0.06,30.1,0.0,318.0
50.06,-0.06,30.0,0.0,317.0
50.06,-0.06,29.95,0.0,317.0
50.06,-0.06,29.9,0.0,317.0
50.06,-0.06,29.85,0.0,317.0
50.12,-0.12,29.65,0.0,291.0
50.12,-0.12,29.55,0.0,291.0
50.12,-0.12,29.45,0.0,290.0
50.12,-0.12,29.35,0.0,290.0
50.19,-0.19,29.2,-0.08,253.0
50.19,-0.19,29.05,0.0,264.0
50.19,-0.19,28.9,0.0,263.0
50.25,-0.25,28.7,-0.08,226.0
50.25,-0.25,28.5,0.0,236.0
50.19,-0.19,28.35,0.08,273.0
50.06,-0.06,28.3,0.16,334.0
49.94,0.06,28.35,0.16,384.0
49.88,0.12,28.45,0.08,398.0
49.81,0.19,28.6,0.08,424.0
49.75,0.25,28.8,0.08,449.0
49.69,0.31,29.05,0.08,475.0
49.56,0.44,29.4,0.16,539.0
49.56,0.44,29.75,0.0,516.0
49.5,0.5,30.15,0.08,555.0
49.44,0.56,30.6,0.08,582.0
49.44,0.56,31.05,0.0,572.0
49.38,0.62,31.55,0.08,610.0
49.38,0.62,32.05,0.0,601.0
49.31,0.69,32.6,0.08,640.0
49.25,0.75,33.2,0.08,667.0
49.25,0.75,33.8,0.0,658.0
49.19,0.81,34.45,0.08,697.0
49.19,0.81,35.1,0.0,688.0
49.19,0.81,35.75,0.0,690.0
49.19,0.81,36.4,0.0,693.0
49.19,0.81,37.05,0.0,696.0
49.25,0.75,37.65,-0.08,661.0
49.25,0.75,38.25,0.0,675.0
49.31,0.69,38.8,-0.08,641.0
49.44,0.56,39.25,-0.16,581.0
49.5,0.5,39.65,-0.08,569.0
49.56,0.44,40.0,-0.08,546.0
49.56,0.44,40.35,0.0,559.0
49.62,0.38,40.65,-0.08,523.0
49.69,0.31,40.9,-0.08,499.0
49.75,0.25,41.1,-0.08,475.0
49.75,0.25,41.3,0.0,488.0
49.81,0.19,41.45,-0.08,452.0
49.88,0.12,41.55,-0.08,427.0
49.94,0.06,41.6,-0.08,402.0
50.0,0.0,41.6,-0.08,377.0
50.0,0.0,41.6,0.0,389.0
50.0,0.0,41.6,0.0,389.0
50.0,0.0,41.6,0.0,389.0
50.0,0.0,41.6,0.0,389.0
50.06,-0.06,41.55,-0.08,352.0
50.06,-0.06,41.5,0.0,363.0
50.12,-0.12,41.4,-0.08,326.0
50.12,-0.12,41.3,0.0,338.0
50.06,-0.06,41.25,0.08,374.0
50.06,-0.06,41.2,0.0,362.0
50.12,-0.12,41.1,-0.08,325.0
50.12,-0.12,41.0,0.0,336.0
50.12,-0.12,40.9,0.0,336.0
50.12,-0.12,40.8,0.0,336.0
50.12,-0.12,40.7,0.0,335.0
50.06,-0.06,40.65,0.08,372.0
50.06,-0.06,40.6,0.0,360.0
50.0,0.0,40.6,0.08,397.0
49.94,0.06,40.65,0.08,422.0
49.81,0.19,40.8,0.16,484.0
49.75,0.25,41.0,0.08,498.0
49.69,0.31,41.25,0.08,524.0
49.62,0.38,41.55,0.08,550.0
49.56,0.44,41.9,0.08,577.0
49.56,0.44,42.25,0.0,566.0
49.5,0.5,42.65,0.08,605.0
49.44,0.56,43.1,0.08,632.0
49.44,0.56,43.55,0.0,622.0
49.38,0.62,44.05,0.08,660.0
49.38,0.62,44.55,0.0,651.0
49.38,0.62,45.05,0.0,653.0
49.38,0.62,45.55,0.0,655.0
49.38,0.62,46.05,0.0,657.0
49.31,0.69,46.6,0.08,696.0
49.31,0.69,47.7,0.0,688.0
49.38,0.62,48.2,-0.08,654.0
49.38,0.62,48.7,0.0,667.0
49.38,0.62,49.2,0.0,669.0
49.44,0.56,49.65,-0.08,634.0
49.44,0.56,50.1,0.0,648.0
49.5,0.5,50.5,-0.08,613.0
49.5,0.5,50.9,0.0,626.0
49.56,0.44,51.25,-0.08,591.0
49.69,0.31,51.5,-0.16,530.0
49.75,0.25,51.7,-0.08,518.0
49.81,0.19,51.85,-0.08,493.0
49.81,0.19,52.0,0.0,505.0
49.88,0.12,52.1,-0.08,469.0
50.0,0.0,52.1,-0.16,407.0
50.0,0.0,52.1,0.0,431.0
50.06,-0.06,52.05,-0.08,394.0
50.12,-0.12,51.95,-0.08,369.0
50.25,-0.25,51.75,-0.16,306.0
50.31,-0.31,51.5,-0.08,292.0
50.38,-0.38,51.2,-0.08,266.0
50.38,-0.38,50.9,0.0,276.0
50.44,-0.44,50.55,-0.08,238.0
50.44,-0.44,50.2,0.0,248.0
50.44,-0.44,49.85,0.0,247.0
50.38,-0.38,49.55,0.08,282.0
50.38,-0.38,49.25,0.0,269.0
50.31,-0.31,49.0,0.08,305.0
50.25,-0.25,48.8,0.08,329.0
50.25,-0.25,48.4,0.0,316.0
50.19,-0.19,48.25,0.08,352.0
50.19,-0.19,48.1,0.0,340.0
50.12,-0.12,48.0,0.08,376.0
50.06,-0.06,47.95,0.08,401.0
50.0,0.0,47.95,0.08,426.0
49.94,0.06,48.0,0.08,451.0
49.81,0.19,48.25,0.08,502.0
49.75,0.25,48.45,0.08,528.0
49.69,0.31,48.7,0.08,554.0
49.69,0.31,48.95,0.0,543.0
49.62,0.38,49.25,0.08,581.0
49.56,0.44,49.6,0.08,608.0
49.56,0.44,49.95,0.0,597.0
49.5,0.5,50.35,0.08,636.0
49.44,0.56,50.8,0.08,662.0
49.44,0.56,51.25,0.0,652.0
49.44,0.56,51.7,0.0,654.0
49.44,0.56,52.15,0.0,656.0
49.38,0.62,52.65,0.08,695.0
49.38,0.62,53.15,0.0,685.0
49.44,0.56,53.6,-0.08,650.0
49.44,0.56,54.05,0.0,664.0
49.5,0.5,54.45,-0.08,629.0
49.56,0.44,54.8,-0.08,605.0
49.56,0.44,55.15,0.0,618.0
49.69,0.31,55.4,-0.16,546.0
49.75,0.25,55.6,-0.08,533.0
49.81,0.19,55.75,-0.08,509.0
49.88,0.12,55.85,-0.08,484.0
49.94,0.06,55.9,-0.08,459.0
49.94,0.06,55.95,0.0,471.0
50.0,0.0,55.95,-0.08,435.0
50.06,-0.06,55.9,-0.08,409.0
50.12,-0.12,55.8,-0.08,384.0
50.19,-0.19,55.65,-0.08,358.0
50.25,-0.25,55.45,-0.08,333.0
50.31,-0.31,55.2,-0.08,307.0
50.31,-0.31,54.95,0.0,317.0
50.38,-0.38,54.65,-0.08,279.0
50.44,-0.44,54.3,-0.08,253.0
50.5,-0.5,53.9,-0.08,226.0
50.5,-0.5,53.5,0.0,236.0
50.5,-0.5,53.1,0.0,235.0
50.44,-0.44,52.75,0.08,270.0
50.38,-0.38,52.45,0.08,294.0
50.31,-0.31,52.2,0.08,318.0
50.25,-0.25,52.0,0.08,342.0
50.19,-0.19,51.85,0.08,367.0
50.12,-0.12,51.75,0.08,391.0
50.06,-0.06,51.7,0.08,416.0
50.06,-0.06,51.65,0.0,404.0
50.06,-0.06,51.6,0.0,404.0
50.06,-0.06,51.55,0.0,404.0
50.06,-0.06,51.5,0.0,403.0
50.0,0.0,51.5,0.08,440.0
49.94,0.06,51.55,0.08,465.0
49.88,0.12,51.65,0.08,491.0
49.81,0.19,51.8,0.08,516.0
49.75,0.25,52.0,0.08,542.0
49.69,0.31,52.25,0.08,568.0
49.62,0.38,52.55,0.08,594.0
49.62,0.38,52.85,0.0,584.0
49.56,0.44,53.2,0.08,622.0
49.56,0.44,53.55,0.0,612.0
49.62,0.38,53.85,-0.08,576.0
49.69,0.31,54.1,-0.08,552.0
49.69,0.31,54.35,0.0,565.0
49.69,0.31,54.6,0.0,566.0
49.69,0.31,54.85,0.0,567.0
49.69,0.31,55.1,0.0,568.0
49.69,0.31,55.35,0.0,569.0
49.69,0.31,55.6,0.0,570.0
49.69,0.31,55.85,0.0,571.0
49.69,0.31,56.1,0.0,572.0
49.69,0.31,56.35,0.0,573.0
49.69,0.31,56.6,0.0,574.0
49.69,0.31,56.85,0.0,575.0
49.69,0.31,57.1,0.0,576.0
49.75,0.25,57.3,-0.08,540.0
49.81,0.19,57.45,-0.08,516.0
49.81,0.19,57.6,0.0,528.0
49.81,0.19,57.75,0.0,528.0
49.88,0.12,57.85,-0.08,492.0
49.88,0.12,57.95,0.0,504.0
49.94,0.06,58.0,-0.08,468.0
50.0,0.0,58.0,-0.08,443.0
50.06,-0.06,57.95,-0.08,418.0
50.12,-0.12,57.85,-0.08,392.0
50.19,-0.19,57.7,-0.08,367.0
50.25,-0.25,57.5,-0.08,341.0
50.25,-0.25,57.3,0.0,352.0
50.31,-0.31,56.8,0.0,325.0
50.38,-0.38,56.5,-0.08,287.0
50.44,-0.44,56.15,-0.08,260.0
50.44,-0.44,55.8,0.0,271.0
50.44,-0.44,55.45,0.0,269.0
50.44,-0.44,55.1,0.0,268.0
50.44,-0.44,54.75,0.0,266.0
50.38,-0.38,54.45,0.08,302.0
50.31,-0.31,54.2,0.08,326.0
50.19,-0.19,54.05,0.16,387.0
50.06,-0.06,54.0,0.16,437.0
49.88,0.12,54.1,0.23,524.0
49.81,0.19,54.25,0.08,526.0
49.69,0.31,54.5,0.16,589.0
49.56,0.44,54.85,0.16,640.0
49.5,0.5,55.25,0.08,655.0
49.44,0.56,55.7,0.08,682.0
49.38,0.62,56.2,0.08,709.0
49.38,0.62,56.7,0.0,699.0
49.38,0.62,57.2,0.0,701.0
49.38,0.62,57.7,0.0,703.0
49.38,0.62,58.2,0.0,705.0
49.38,0.62,58.7,0.0,707.0
49.38,0.62,59.2,0.0,709.0
49.44,0.56,59.65,-0.08,674.0
49.5,0.5,60.05,-0.08,651.0
49.56,0.44,60.4,-0.08,627.0
49.62,0.38,60.7,-0.08,604.0
49.44,0.56,61.15,0.23,727.0
49.25,0.75,61.75,0.23,805.0
49.0,1.0,62.55,0.31,920.0
48.94,1.06,63.4,0.08,913.0
48.75,1.25,64.4,0.23,1015.0
48.56,1.44,65.55,0.23,1023.0
48.31,1.69,66.9,0.31,1023.0
48.12,1.88,68.4,0.23,1023.0
47.94,2.06,70.05,0.23,1023.0
47.75,2.25,71.85,0.23,1023.0
47.56,2.44,73.8,0.23,1023.0
47.38,2.62,75.9,0.23,1023.0
47.12,2.88,80.45,0.08,1023.0
47.06,2.94,82.8,0.08,1023.0
46.94,3.06,85.25,0.16,1023.0
46.81,3.19,87.8,0.16,1023.0
46.75,3.25,90.4,0.08,1023.0
46.69,3.31,93.05,0.08,1023.0
46.56,3.44,95.8,0.16,1023.0
46.56,3.44,98.55,0.0,1023.0
46.5,3.5,101.35,0.08,1023.0
46.44,3.56,104.2,0.08,1023.0
46.38,3.62,107.1,0.08,1023.0
46.31,3.69,110.05,0.08,1023.0
46.25,3.75,116.05,0.0,1023.0
46.25,3.75,119.05,0.0,1023.0
46.19,3.81,122.1,0.08,1023.0
46.19,3.81,125.15,0.0,1023.0
46.19,3.81,128.2,0.0,1023.0
46.31,3.69,131.15,-0.16,1023.0
46.56,3.44,133.9,-0.31,1023.0
46.88,3.12,139.0,-0.16,1023.0
47.12,2.88,141.3,-0.31,1023.0
47.38,2.62,143.4,-0.31,1023.0
47.62,2.38,145.3,-0.31,1023.0
47.88,2.12,147.0,-0.31,1023.0
48.12,1.88,148.5,-0.31,1023.0
48.38,1.62,149.8,-0.31,1023.0
48.88,1.12,151.8,-0.31,1023.0
49.12,0.88,152.5,-0.31,1023.0
49.38,0.62,153.0,-0.31,1023.0
49.56,0.44,153.35,-0.23,976.0
50.0,0.0,153.55,-0.31,790.0
50.19,-0.19,153.4,-0.23,726.0
50.44,-0.44,153.05,-0.31,613.0
50.62,-0.62,152.55,-0.23,548.0
50.88,-0.88,151.85,-0.31,433.0
51.06,-1.06,151.0,-0.23,366.0
51.31,-1.31,149.95,-0.31,250.0
51.5,-1.5,148.75,-0.23,182.0
51.69,-1.69,147.4,-0.23,102.0
51.81,-1.81,145.95,-0.16,58.0
51.94,-1.94,144.4,-0.16,2.0
52.06,-2.06,142.75,-0.16,0.0
52.25,-2.25,140.95,-0.23,0.0
52.31,-2.31,139.1,-0.08,0.0
52.38,-2.38,137.2,-0.08,0.0
52.44,-2.44,135.25,-0.08,0.0
52.5,-2.5,133.25,-0.08,0.0
52.44,-2.44,131.3,0.08,0.0
52.44,-2.44,129.35,0.0,0.0
52.38,-2.38,127.45,0.08,0.0
52.38,-2.38,125.55,0.0,0.0
52.31,-2.31,123.7,0.08,0.0
52.25,-2.25,121.9,0.08,0.0
52.06,-2.06,118.5,0.16,0.0
52.0,-2.0,116.9,0.08,0.0
51.88,-1.88,115.4,0.16,0.0
51.81,-1.81,113.95,0.08,0.0
51.69,-1.69,112.6,0.16,21.0
51.56,-1.56,111.35,0.16,66.0
51.44,-1.44,110.2,0.16,112.0
51.31,-1.31,109.15,0.16,158.0
51.12,-1.12,108.25,0.23,241.0
51.0,-1.0,107.45,0.16,276.0
50.81,-0.81,106.8,0.23,360.0
50.69,-0.69,106.25,0.16,396.0
50.56,-0.56,105.8,0.16,444.0
50.44,-0.44,105.45,0.16,493.0
50.31,-0.31,105.2,0.16,542.0
50.19,-0.19,105.05,0.16,591.0
50.06,-0.06,105.0,0.16,641.0
50.0,0.0,105.0,0.08,654.0
49.94,0.06,105.05,0.08,679.0
49.81,0.19,105.2,0.16,742.0
49.75,0.25,105.4,0.08,756.0
49.69,0.31,105.65,0.08,782.0
49.62,0.38,105.95,0.08,808.0
49.56,0.44,106.3,0.08,834.0
49.5,0.5,106.7,0.08,861.0
49.56,0.44,107.05,-0.08,814.0
49.56,0.44,107.4,0.0,827.0
49.56,0.44,107.75,0.0,828.0
49.62,0.38,108.05,-0.08,793.0
49.62,0.38,108.35,0.0,1023.0
49.75,0.25,108.8,-0.08,746.0
49.81,0.19,108.95,-0.08,722.0
49.88,0.12,109.05,-0.08,697.0
49.94,0.06,109.1,-0.08,672.0
50.0,0.0,109.1,-0.08,647.0
50.12,-0.12,109.0,-0.16,585.0
50.25,-0.25,108.8,-0.16,534.0
50.38,-0.38,108.5,-0.16,483.0
50.5,-0.5,108.1,-0.16,431.0
50.56,-0.56,107.65,-0.08,416.0
50.69,-0.69,107.1,-0.16,352.0
50.81,-0.81,106.45,-0.16,300.0
50.88,-0.88,105.75,-0.08,284.0
50.94,-0.94,105.0,-0.08,256.0
51.06,-1.06,104.15,-0.16,191.0
51.12,-1.12,103.25,-0.08,174.0
51.12,-1.12,102.35,0.0,182.0
51.19,-1.19,101.4,-0.08,141.0
51.19,-1.19,100.45,0.0,149.0
51.19,-1.19,99.5,0.0,146.0
51.25,-1.25,98.5,-0.08,105.0
51.19,-1.19,97.55,0.08,149.0
51.19,-1.19,96.6,0.0,134.0
51.19,-1.19,95.65,0.0,130.0
51.12,-1.12,94.75,0.08,163.0
51.12,-1.12,93.85,0.0,148.0
51.06,-1.06,93.0,0.08,181.0
51.0,-1.0,92.2,0.08,203.0
50.94,-0.94,91.45,0.08,225.0
50.88,-0.88,90.75,0.08,247.0
50.75,-0.75,90.15,0.16,307.0
50.69,-0.69,89.6,0.08,318.0
50.56,-0.56,89.15,0.16,378.0
50.5,-0.5,88.75,0.08,389.0
50.44,-0.44,88.4,0.08,413.0
50.31,-0.31,88.15,0.16,474.0
50.25,-0.25,87.95,0.08,486.0
50.19,-0.19,87.8,0.08,510.0
50.12,-0.12,87.7,0.08,535.0
50.06,-0.06,87.65,0.08,560.0
50.0,0.0,87.65,0.08,585.0
49.94,0.06,87.7,0.08,610.0
49.94,0.06,87.75,0.0,599.0
49.88,0.12,87.85,0.08,636.0
49.88,0.12,87.95,0.0,624.0
49.88,0.12,88.05,0.0,625.0
49.88,0.12,88.15,0.0,625.0
49.88,0.12,88.25,0.0,626.0
49.88,0.12,88.35,0.0,626.0
49.88,0.12,88.45,0.0,626.0
49.81,0.19,88.6,0.08,664.0
49.81,0.19,88.75,0.0,653.0
49.81,0.19,88.9,0.0,653.0
49.81,0.19,89.05,0.0,654.0
49.81,0.19,89.2,0.0,654.0
49.88,0.12,89.3,-0.08,618.0
49.94,0.06,89.35,-0.08,593.0
49.94,0.06,89.4,0.0,605.0
50.0,0.0,89.4,-0.08,568.0
50.06,-0.06,89.35,-0.08,543.0
50.12,-0.12,89.25,-0.08,518.0
50.19,-0.19,89.1,-0.08,492.0
50.25,-0.25,88.9,-0.08,466.0
50.31,-0.31,88.65,-0.08,440.0
50.38,-0.38,88.35,-0.08,414.0
50.44,-0.44,88.0,-0.08,388.0
50.5,-0.5,87.6,-0.08,361.0
50.5,-0.5,87.2,0.0,371.0
50.5,-0.5,86.8,0.0,370.0
50.56,-0.56,86.35,-0.08,331.0
50.56,-0.56,85.9,0.0,341.0
50.56,-0.56,85.45,0.0,339.0
50.62,-0.62,84.95,-0.08,301.0
50.62,-0.62,84.45,0.0,310.0
50.62,-0.62,83.95,0.0,308.0
50.62,-0.62,83.45,0.0,306.0
50.62,-0.62,82.95,0.0,304.0
50.62,-0.62,82.45,0.0,302.0
50.56,-0.56,82.0,0.08,337.0
50.56,-0.56,81.55,0.0,324.0
50.56,-0.56,81.1,0.0,322.0
50.5,-0.5,80.7,0.08,357.0
50.5,-0.5,80.3,0.0,344.0
50.5,-0.5,79.9,0.0,342.0
50.5,-0.5,79.5,0.0,341.0
50.44,-0.44,79.15,0.08,376.0
50.44,-0.44,78.8,0.0,363.0
50.44,-0.44,78.45,0.0,361.0
50.31,-0.31,77.9,0.08,421.0
50.31,-0.31,77.65,0.0,408.0
50.31,-0.31,77.4,0.0,407.0
50.25,-0.25,77.2,0.08,443.0
50.25,-0.25,77.0,0.0,431.0
50.25,-0.25,76.8,0.0,430.0
50.19,-0.19,76.65,0.08,466.0
50.19,-0.19,76.5,0.0,454.0
50.19,-0.19,76.35,0.0,453.0
50.19,-0.19,76.2,0.0,452.0
50.12,-0.12,76.1,0.08,489.0
50.12,-0.12,76.0,0.0,477.0
50.12,-0.12,75.9,0.0,476.0
50.12,-0.12,75.8,0.0,476.0
50.12,-0.12,75.7,0.0,475.0
50.12,-0.12,75.6,0.0,475.0
50.12,-0.12,75.5,0.0,475.0
50.12,-0.12,75.4,0.0,474.0
50.12,-0.12,75.3,0.0,474.0
50.12,-0.12,75.2,0.0,473.0
50.12,-0.12,75.1,0.0,473.0
50.12,-0.12,75.0,0.0,473.0
50.19,-0.19,74.85,-0.08,435.0
50.19,-0.19,74.7,0.0,446.0
50.19,-0.19,74.55,0.0,446.0
50.19,-0.19,74.4,0.0,445.0
50.19,-0.19,74.25,0.0,445.0
50.19,-0.19,74.1,0.0,444.0
50.19,-0.19,73.95,0.0,443.0
50.25,-0.25,73.75,-0.08,406.0
50.25,-0.25,73.55,0.0,417.0
50.25,-0.25,73.35,0.0,416.0
50.25,-0.25,73.15,0.0,415.0
50.31,-0.31,72.9,-0.08,377.0
50.31,-0.31,72.65,0.0,388.0
50.31,-0.31,72.4,0.0,387.0
50.31,-0.31,72.15,0.0,386.0
50.31,-0.31,71.65,0.0,384.0
50.31,-0.31,71.4,0.0,383.0
50.31,-0.31,71.15,0.0,382.0
50.31,-0.31,70.9,0.0,381.0
50.31,-0.31,70.65,0.0,380.0
50.31,-0.31,70.4,0.0,379.0
50.31,-0.31,70.15,0.0,378.0
50.31,-0.31,69.9,0.0,377.0
50.38,-0.38,69.6,-0.08,339.0
50.38,-0.38,69.3,0.0,350.0
50.31,-0.31,69.05,0.08,385.0
50.31,-0.31,68.8,0.0,373.0
50.31,-0.31,68.55,0.0,372.0
50.31,-0.31,68.3,0.0,371.0
50.31,-0.31,68.05,0.0,370.0
50.31,-0.31,67.8,0.0,369.0
50.25,-0.25,67.6,0.08,405.0
50.25,-0.25,67.4,0.0,392.0
50.25,-0.25,67.2,0.0,391.0
50.25,-0.25,67.0,0.0,391.0
50.25,-0.25,66.8,0.0,390.0
50.25,-0.25,66.6,0.0,389.0
50.19,-0.19,66.25,0.08,424.0
50.12,-0.12,66.15,0.08,449.0
50.12,-0.12,66.05,0.0,437.0
50.12,-0.12,65.95,0.0,436.0
50.12,-0.12,65.85,0.0,436.0
50.06,-0.06,65.8,0.08,472.0
50.06,-0.06,65.75,0.0,461.0
50.06,-0.06,65.7,0.0,460.0
50.06,-0.06,65.65,0.0,460.0
50.06,-0.06,65.6,0.0,460.0
50.0,0.0,65.6,0.08,497.0
50.0,0.0,65.6,0.0,485.0
50.06,-0.06,65.55,-0.08,448.0
50.06,-0.06,65.5,0.0,460.0
50.06,-0.06,65.45,0.0,459.0
50.0,0.0,65.45,0.08,496.0
50.0,0.0,65.45,0.0,484.0
49.94,0.06,65.5,0.08,521.0
49.94,0.06,65.55,0.0,510.0
49.94,0.06,65.6,0.0,510.0
49.94,0.06,65.65,0.0,510.0
49.94,0.06,65.7,0.0,510.0
49.94,0.06,65.75,0.0,511.0
49.94,0.06,65.8,0.0,511.0
50.0,0.0,65.85,-0.08,474.0
50.0,0.0,65.85,0.0,486.0
50.06,-0.06,65.8,-0.08,449.0
50.06,-0.06,65.75,0.0,461.0
50.06,-0.06,65.65,0.0,460.0
50.06,-0.06,65.6,0.0,460.0
50.06,-0.06,65.55,0.0,460.0
50.06,-0.06,65.5,0.0,460.0
50.06,-0.06,65.45,0.0,459.0
50.12,-0.12,65.35,-0.08,422.0
50.12,-0.12,65.25,0.0,434.0
50.12,-0.12,65.15,0.0,433.0
50.12,-0.12,65.05,0.0,433.0
50.12,-0.12,64.95,0.0,432.0
50.12,-0.12,64.85,0.0,432.0
49.56,0.44,65.2,0.7,764.0
48.69,1.31,66.25,1.09,1023.0
48.0,2.0,67.85,0.86,1023.0
47.38,2.62,69.95,0.78,1023.0
46.69,3.31,72.6,0.86,1023.0
46.19,3.81,75.65,0.62,1023.0
45.44,4.56,79.3,0.94,1023.0
44.88,5.12,83.4,0.7,1023.0
44.88,5.12,87.5,0.0,1023.0
44.88,5.12,91.6,0.0,1023.0
45.0,5.0,95.6,-0.16,1023.0
45.12,4.88,99.5,-0.16,1023.0
45.25,4.75,103.3,-0.16,1023.0
45.38,4.62,107.0,-0.16,1023.0
45.56,4.44,110.55,-0.23,1023.0
45.69,4.31,114.0,-0.16,1023.0
45.88,4.12,117.3,-0.23,1023.0
46.06,3.94,120.45,-0.23,1023.0
46.25,3.75,123.45,-0.23,1023.0
46.44,3.56,126.3,-0.23,1023.0
46.81,3.19,131.55,-0.23,1023.0
47.0,3.0,133.95,-0.23,1023.0
47.19,2.81,136.2,-0.23,1023.0
47.44,2.56,138.25,-0.31,1023.0
47.69,2.31,140.1,-0.31,1023.0
47.88,2.12,141.8,-0.23,1023.0
48.12,1.88,143.3,-0.31,1023.0
48.31,1.69,144.65,-0.23,1023.0
48.56,1.44,145.8,-0.31,1023.0
48.81,1.19,146.75,-0.31,1023.0
49.0,1.0,147.55,-0.23,1023.0
49.25,0.75,148.15,-0.31,1023.0
49.5,0.5,148.55,-0.31,970.0
49.69,0.31,148.8,-0.23,908.0
50.0,0.0,148.8,-0.39,759.0
50.19,-0.19,148.65,-0.23,707.0
50.44,-0.44,148.3,-0.31,594.0
50.69,-0.69,147.75,-0.31,492.0
50.94,-0.94,147.0,-0.31,389.0
51.19,-1.19,146.05,-0.31,285.0
51.44,-1.44,144.9,-0.31,180.0
51.62,-1.62,143.6,-0.23,112.0
51.81,-1.81,142.15,-0.23,31.0
52.0,-2.0,140.55,-0.23,0.0
52.25,-2.25,138.75,-0.31,0.0
52.38,-2.38,136.85,-0.16,0.0
52.44,-2.44,134.9,-0.08,0.0
52.56,-2.56,132.85,-0.16,0.0
52.62,-2.62,130.75,-0.08,0.0
52.69,-2.69,128.6,-0.08,0.0
52.69,-2.69,126.45,0.0,0.0
52.75,-2.75,124.25,-0.08,0.0
52.75,-2.75,122.05,0.0,0.0
52.69,-2.69,117.75,0.0,0.0
52.62,-2.62,115.65,0.08,0.0
52.56,-2.56,113.6,0.08,0.0
52.5,-2.5,111.6,0.08,0.0
52.44,-2.44,109.65,0.08,0.0
52.31,-2.31,107.8,0.16,0.0
52.19,-2.19,106.05,0.16,0.0
52.12,-2.12,104.35,0.08,0.0
52.0,-2.0,102.75,0.16,0.0
51.94,-1.94,101.2,0.08,0.0
51.81,-1.81,99.75,0.16,0.0
51.69,-1.69,98.4,0.16,0.0
51.56,-1.56,97.15,0.16,10.0
51.44,-1.44,96.0,0.16,55.0
51.31,-1.31,94.95,0.16,101.0
51.19,-1.19,94.0,0.16,147.0
51.06,-1.06,93.15,0.16,194.0
50.94,-0.94,92.4,0.16,241.0
50.75,-0.75,91.8,0.23,325.0
50.62,-0.62,91.3,0.16,361.0
50.5,-0.5,90.9,0.16,410.0
50.31,-0.31,90.65,0.23,495.0
50.12,-0.12,90.55,0.23,570.0
50.0,0.0,90.55,0.16,608.0
49.81,0.19,90.7,0.23,695.0
49.69,0.31,90.95,0.16,735.0
49.62,0.38,91.25,0.08,749.0
49.56,0.44,91.6,0.08,776.0
49.44,0.56,92.05,0.16,839.0
49.31,0.69,93.1,0.08,882.0
49.25,0.75,93.7,0.08,909.0
49.19,0.81,94.35,0.08,937.0
49.19,0.81,95.0,0.0,928.0
49.19,0.81,96.35,-0.08,921.0
49.19,0.81,97.0,0.0,936.0
49.19,0.81,97.65,0.0,938.0
49.25,0.75,98.25,-0.08,904.0
49.38,0.62,98.75,-0.16,844.0
49.44,0.56,99.2,-0.08,833.0
49.5,0.5,99.6,-0.08,809.0
49.62,0.38,99.9,-0.16,749.0
49.75,0.25,100.1,-0.16,699.0
49.88,0.12,100.2,-0.16,650.0
50.0,0.0,100.2,-0.16,600.0
50.06,-0.06,100.15,-0.08,586.0
50.19,-0.19,100.0,-0.16,524.0
50.25,-0.25,99.8,-0.08,510.0
50.31,-0.31,99.55,-0.08,484.0
50.44,-0.44,99.2,-0.16,421.0
50.56,-0.56,98.75,-0.16,369.0
50.62,-0.62,98.25,-0.08,354.0
50.75,-0.75,97.65,-0.16,290.0
50.81,-0.81,97.0,-0.08,274.0
50.88,-0.88,96.3,-0.08,246.0
50.94,-0.94,95.55,-0.08,218.0
51.06,-1.06,94.7,-0.16,153.0
51.12,-1.12,93.8,-0.08,136.0
51.12,-1.12,92.9,0.0,144.0
51.06,-1.06,92.05,0.08,177.0
50.94,-0.94,91.3,0.16,236.0
50.69,-0.69,90.75,0.31,357.0
50.62,-0.62,90.25,0.08,345.0
50.62,-0.62,89.75,0.0,332.0
50.56,-0.56,89.3,0.08,366.0
50.56,-0.56,88.85,0.0,353.0
50.56,-0.56,88.4,0.0,351.0
50.5,-0.5,88.0,0.08,386.0
50.5,-0.5,87.6,0.0,373.0
50.5,-0.5,87.2,0.0,371.0
50.44,-0.44,86.85,0.08,407.0
50.44,-0.44,86.5,0.0,394.0
50.44,-0.44,86.15,0.0,392.0
50.38,-0.38,85.85,0.08,428.0
50.38,-0.38,85.55,0.0,415.0
50.31,-0.31,85.3,0.08,450.0
50.31,-0.31,85.05,0.0,438.0
50.25,-0.25,84.85,0.08,474.0
50.25,-0.25,84.65,0.0,461.0
50.19,-0.19,84.5,0.08,497.0
50.19,-0.19,84.35,0.0,485.0
50.19,-0.19,84.2,0.0,484.0
50.19,-0.19,84.05,0.0,484.0
50.12,-0.12,83.95,0.08,520.0
50.12,-0.12,83.85,0.0,508.0
50.06,-0.06,83.8,0.08,544.0
50.06,-0.06,83.75,0.0,533.0
50.06,-0.06,83.65,0.0,532.0
50.06,-0.06,83.6,0.0,532.0
50.0,0.0,83.6,0.08,569.0
50.0,0.0,83.6,0.0,557.0
50.06,-0.06,83.55,-0.08,520.0
50.06,-0.06,83.5,0.0,532.0
50.06,-0.06,83.45,0.0,531.0
50.06,-0.06,83.4,0.0,531.0
50.06,-0.06,83.35,0.0,531.0
50.06,-0.06,83.3,0.0,531.0
50.12,-0.12,83.2,-0.08,494.0
50.12,-0.12,83.1,0.0,505.0
50.12,-0.12,83.0,0.0,505.0
50.19,-0.19,82.85,-0.08,467.0
50.19,-0.19,82.7,0.0,478.0
50.25,-0.25,82.5,-0.08,441.0
50.25,-0.25,82.3,0.0,452.0
50.31,-0.31,82.05,-0.08,414.0
50.31,-0.31,81.8,0.0,425.0
50.31,-0.31,81.55,0.0,424.0
50.38,-0.38,81.25,-0.08,386.0
50.38,-0.38,80.95,0.0,396.0
50.38,-0.38,80.65,0.0,395.0
50.38,-0.38,80.35,0.0,394.0
50.44,-0.44,80.0,-0.08,356.0
50.44,-0.44,79.65,0.0,366.0
50.5,-0.5,79.25,-0.08,328.0
50.5,-0.5,78.85,0.0,338.0
50.5,-0.5,78.45,0.0,336.0
50.5,-0.5,77.65,0.0,333.0
50.5,-0.5,77.25,0.0,332.0
50.5,-0.5,76.85,0.0,330.0
50.44,-0.44,76.5,0.08,365.0
50.44,-0.44,76.15,0.0,352.0
50.38,-0.38,75.85,0.08,388.0
50.31,-0.31,75.6,0.08,412.0
50.25,-0.25,75.4,0.08,436.0
50.25,-0.25,75.2,0.0,423.0
50.19,-0.19,75.05,0.08,459.0
50.19,-0.19,74.9,0.0,447.0
50.19,-0.19,74.75,0.0,447.0
50.19,-0.19,74.6,0.0,446.0
50.19,-0.19,74.45,0.0,445.0
50.19,-0.19,74.3,0.0,445.0
50.19,-0.19,74.15,0.0,444.0
50.12,-0.12,74.05,0.08,480.0
50.12,-0.12,73.95,0.0,468.0
50.12,-0.12,73.85,0.0,468.0
50.19,-0.19,73.7,-0.08,431.0
50.19,-0.19,73.55,0.0,442.0
50.25,-0.25,73.35,-0.08,404.0
50.25,-0.25,73.15,0.0,415.0
50.25,-0.25,72.95,0.0,414.0
50.25,-0.25,72.75,0.0,414.0
50.25,-0.25,72.55,0.0,413.0
50.25,-0.25,72.35,0.0,412.0
50.19,-0.19,72.2,0.08,448.0
50.19,-0.19,72.05,0.0,436.0
50.19,-0.19,71.9,0.0,435.0
50.25,-0.25,71.7,-0.08,398.0
50.25,-0.25,71.5,0.0,409.0
50.25,-0.25,71.3,0.0,408.0
50.25,-0.25,71.1,0.0,407.0
50.25,-0.25,70.9,0.0,406.0
50.25,-0.25,70.7,0.0,405.0
50.25,-0.25,70.5,0.0,405.0
50.25,-0.25,70.3,0.0,404.0
50.25,-0.25,70.1,0.0,403.0
50.25,-0.25,69.9,0.0,402.0
50.25,-0.25,69.7,0.0,401.0
50.25,-0.25,69.5,0.0,401.0
50.25,-0.25,69.1,0.0,399.0
50.25,-0.25,68.9,0.0,398.0
50.25,-0.25,68.7,0.0,397.0
50.25,-0.25,68.5,0.0,397.0
50.25,-0.25,68.3,0.0,396.0
50.25,-0.25,68.1,0.0,395.0
50.25,-0.25,67.9,0.0,394.0
50.25,-0.25,67.7,0.0,393.0
50.25,-0.25,67.5,0.0,393.0
50.25,-0.25,67.3,0.0,392.0
50.25,-0.25,67.1,0.0,391.0
50.19,-0.19,66.95,0.08,427.0
50.25,-0.25,66.75,-0.08,378.0
50.25,-0.25,66.55,0.0,389.0
50.19,-0.19,66.4,0.08,425.0
50.19,-0.19,66.25,0.0,413.0
50.19,-0.19,66.1,0.0,412.0
50.19,-0.19,65.95,0.0,411.0
50.19,-0.19,65.8,0.0,411.0
50.19,-0.19,65.65,0.0,410.0
50.19,-0.19,65.5,0.0,410.0
50.19,-0.19,65.35,0.0,409.0
50.19,-0.19,65.2,0.0,408.0
50.19,-0.19,65.05,0.0,408.0
50.19,-0.19,64.9,0.0,407.0
50.19,-0.19,64.75,0.0,407.0
50.19,-0.19,64.6,0.0,406.0
50.19,-0.19,64.45,0.0,405.0
50.19,-0.19,64.3,0.0,405.0
50.19,-0.19,64.15,0.0,404.0
50.25,-0.25,63.95,-0.08,367.0
50.25,-0.25,63.75,0.0,378.0
50.19,-0.19,63.6,0.08,414.0
50.19,-0.19,63.25,0.08,412.0
50.19,-0.19,63.1,0.0,400.0
50.12,-0.12,62.85,0.08,436.0
50.12,-0.12,62.75,0.0,424.0
50.06,-0.06,62.7,0.08,460.0
50.06,-0.06,62.65,0.0,448.0
50.06,-0.06,62.6,0.0,448.0
50.06,-0.06,62.5,0.0,448.0
50.06,-0.06,62.45,0.0,447.0
50.06,-0.06,62.4,0.0,447.0
50.06,-0.06,62.35,0.0,447.0
50.06,-0.06,62.3,0.0,447.0
50.06,-0.06,62.25,0.0,447.0
50.06,-0.06,62.2,0.0,446.0
50.06,-0.06,62.15,0.0,446.0
50.12,-0.12,62.0,-0.08,409.0
50.06,-0.06,61.95,0.08,457.0
50.12,-0.12,61.85,-0.08,408.0
50.12,-0.12,61.75,0.0,420.0
50.12,-0.12,61.65,0.0,419.0
50.12,-0.12,61.55,0.0,419.0
50.12,-0.12,61.45,0.0,418.0
50.12,-0.12,61.35,0.0,418.0
50.12,-0.12,61.25,0.0,418.0
50.12,-0.12,61.15,0.0,417.0
50.06,-0.06,61.1,0.08,454.0
50.12,-0.12,61.0,-0.08,405.0
50.12,-0.12,60.9,0.0,416.0
50.12,-0.12,60.8,0.0,416.0
50.12,-0.12,60.7,0.0,415.0
50.12,-0.12,60.6,0.0,415.0
50.12,-0.12,60.5,0.0,415.0
50.12,-0.12,60.4,0.0,414.0
50.12,-0.12,60.3,0.0,414.0
50.12,-0.12,60.2,0.0,413.0
50.12,-0.12,60.1,0.0,413.0
50.06,-0.06,60.05,0.08,449.0
50.12,-0.12,59.95,-0.08,401.0
49.94,0.06,60.0,0.23,523.0
48.81,1.19,60.95,1.41,1023.0
48.0,2.0,62.55,1.02,1023.0
47.19,2.81,64.8,1.02,1023.0
46.81,3.19,69.85,0.08,1023.0
46.75,3.25,72.45,0.08,1023.0
46.81,3.19,75.0,-0.08,1023.0
46.88,3.12,77.5,-0.08,1023.0
46.94,3.06,79.95,-0.08,1023.0
47.0,3.0,82.35,-0.08,1023.0
47.06,2.94,84.7,-0.08,1023.0
47.19,2.81,86.95,-0.16,1023.0
47.31,2.69,89.1,-0.16,1023.0
47.44,2.56,91.15,-0.16,1023.0
47.56,2.44,93.1,-0.16,1023.0
47.69,2.31,94.95,-0.16,1023.0
47.81,2.19,96.7,-0.16,1023.0
48.0,2.0,98.3,-0.23,1023.0
48.19,1.81,99.75,-0.23,1023.0
48.38,1.62,101.05,-0.23,1023.0
48.5,1.5,102.25,-0.16,1023.0
48.75,1.25,103.25,-0.31,1023.0
48.94,1.06,104.1,-0.23,1023.0
49.12,0.88,104.8,-0.23,957.0
49.31,0.69,105.35,-0.23,884.0
49.56,0.44,105.7,-0.31,773.0
49.75,0.25,105.9,-0.23,711.0
49.94,0.06,105.95,-0.23,636.0
50.19,-0.19,105.8,-0.31,524.0
50.62,-0.62,105.0,-0.31,346.0
50.88,-0.88,104.3,-0.31,243.0
51.06,-1.06,103.45,-0.23,176.0
51.25,-1.25,102.45,-0.23,97.0
51.38,-1.38,101.35,-0.16,54.0
51.5,-1.5,100.15,-0.16,0.0
51.62,-1.62,98.85,-0.16,0.0
51.75,-1.75,97.45,-0.16,0.0
51.81,-1.81,96.0,-0.08,0.0
51.94,-1.94,94.45,-0.16,0.0
51.94,-1.94,92.9,0.0,0.0
52.0,-2.0,91.3,-0.08,0.0
52.0,-2.0,89.7,0.0,0.0
52.06,-2.06,88.05,-0.08,0.0
52.0,-2.0,86.45,0.08,0.0
52.0,-2.0,84.85,0.0,0.0
51.94,-1.94,81.7,0.08,0.0
51.88,-1.88,80.2,0.08,0.0
51.81,-1.81,78.75,0.08,0.0
51.62,-1.62,76.05,0.16,0.0
51.56,-1.56,74.8,0.08,0.0
51.5,-1.5,73.6,0.08,0.0
51.38,-1.38,72.5,0.16,0.0
51.25,-1.25,71.5,0.16,32.0
51.19,-1.19,70.55,0.08,41.0
51.06,-1.06,69.7,0.16,100.0
50.94,-0.94,68.95,0.16,147.0
50.75,-0.75,68.35,0.23,231.0
50.62,-0.62,67.85,0.16,267.0
50.5,-0.5,67.45,0.16,316.0
50.38,-0.38,67.15,0.16,365.0
50.25,-0.25,66.95,0.16,414.0
50.12,-0.12,66.85,0.16,463.0
50.0,0.0,66.85,0.16,513.0
49.88,0.12,66.95,0.16,564.0
49.81,0.19,67.1,0.08,578.0
49.69,0.31,67.35,0.16,640.0
49.62,0.38,67.65,0.08,655.0
49.56,0.44,68.0,0.08,681.0
49.44,0.56,68.45,0.16,745.0
49.38,0.62,68.95,0.08,760.0
49.38,0.62,69.45,0.0,750.0
49.31,0.69,70.0,0.08,789.0
49.25,0.75,70.6,0.08,817.0
49.25,0.75,71.2,0.0,807.0
49.25,0.75,71.8,0.0,810.0
49.25,0.75,72.4,0.0,812.0
49.25,0.75,73.0,0.0,815.0
49.31,0.69,73.55,-0.08,780.0
49.38,0.62,74.05,-0.08,757.0
49.44,0.56,74.5,-0.08,734.0
49.56,0.44,75.3,-0.16,675.0
49.62,0.38,75.6,-0.08,663.0
49.75,0.25,75.8,-0.16,602.0
49.81,0.19,75.95,-0.08,590.0
49.94,0.06,76.0,-0.16,528.0
50.06,-0.06,75.95,-0.16,478.0
50.06,-0.06,75.9,0.0,501.0
50.19,-0.19,75.75,-0.16,427.0
50.25,-0.25,75.55,-0.08,413.0
50.31,-0.31,75.3,-0.08,387.0
50.44,-0.44,74.95,-0.16,324.0
50.56,-0.56,74.1,-0.08,282.0
50.69,-0.69,73.55,-0.16,218.0
50.69,-0.69,73.0,0.0,240.0
50.81,-0.81,72.35,-0.16,163.0
50.88,-0.88,71.65,-0.08,147.0
50.88,-0.88,70.95,0.0,156.0
50.94,-0.94,70.2,-0.08,117.0
50.94,-0.94,69.45,0.0,125.0
50.94,-0.94,68.7,0.0,122.0
50.94,-0.94,67.95,0.0,119.0
50.94,-0.94,67.2,0.0,116.0
50.88,-0.88,66.5,0.08,150.0
50.81,-0.81,65.85,0.08,173.0
50.75,-0.75,65.25,0.08,195.0
50.69,-0.69,64.7,0.08,218.0
50.62,-0.62,64.2,0.08,241.0
50.56,-0.56,63.75,0.08,264.0
50.56,-0.56,63.3,0.0,251.0
50.38,-0.38,63.0,0.23,360.0
50.38,-0.38,62.7,0.0,323.0
50.25,-0.25,62.5,0.16,396.0
50.19,-0.19,62.35,0.08,409.0
50.12,-0.12,62.25,0.08,433.0
50.06,-0.06,62.2,0.08,458.0
50.0,0.0,62.2,0.08,483.0
49.88,0.12,62.3,0.16,545.0
49.81,0.19,62.45,0.08,559.0
49.75,0.25,62.65,0.08,585.0
49.69,0.31,62.9,0.08,611.0
49.62,0.38,63.2,0.08,637.0
49.56,0.44,63.55,0.08,663.0
49.56,0.44,63.9,0.0,653.0
49.56,0.44,64.25,0.0,655.0
49.56,0.44,64.6,0.0,656.0
49.56,0.44,65.3,0.0,659.0
49.62,0.38,65.6,-0.08,623.0
49.62,0.38,65.9,0.0,636.0
49.69,0.31,66.15,-0.08,600.0
49.69,0.31,66.4,0.0,613.0
49.69,0.31,66.65,0.0,614.0
49.75,0.25,66.85,-0.08,578.0
49.75,0.25,67.05,0.0,591.0
49.75,0.25,67.25,0.0,592.0
49.81,0.19,67.4,-0.08,555.0
49.88,0.12,67.5,-0.08,531.0
49.94,0.06,67.55,-0.08,506.0
50.0,0.0,67.55,-0.08,481.0
50.0,0.0,67.55,0.0,493.0
50.06,-0.06,67.5,-0.08,456.0
50.12,-0.12,67.4,-0.08,430.0
50.12,-0.12,67.3,0.0,442.0
50.19,-0.19,67.15,-0.08,404.0
50.25,-0.25,66.95,-0.08,379.0
50.25,-0.25,66.75,0.0,390.0
50.31,-0.31,66.5,-0.08,352.0
50.38,-0.38,66.2,-0.08,326.0
50.44,-0.44,65.85,-0.08,299.0
50.44,-0.44,65.5,0.0,310.0
50.5,-0.5,65.1,-0.08,271.0
50.5,-0.5,64.7,0.0,281.0
50.56,-0.56,64.25,-0.08,243.0
50.56,-0.56,63.8,0.0,253.0
50.56,-0.56,63.35,0.0,251.0
50.56,-0.56,62.9,0.0,249.0
50.56,-0.56,62.45,0.0,247.0
50.56,-0.56,62.0,0.0,246.0
50.56,-0.56,61.55,0.0,244.0
50.56,-0.56,61.1,0.0,242.0
50.56,-0.56,60.65,0.0,240.0
50.56,-0.56,60.2,0.0,238.0
50.5,-0.5,59.8,0.08,273.0
50.44,-0.44,59.45,0.08,297.0
50.44,-0.44,59.1,0.0,284.0
50.38,-0.38,58.8,0.08,319.0
50.38,-0.38,58.5,0.0,307.0
50.31,-0.31,58.25,0.08,342.0
50.31,-0.31,58.0,0.0,330.0
50.25,-0.25,57.8,0.08,365.0
50.19,-0.19,57.65,0.08,390.0
50.19,-0.19,57.5,0.0,378.0
50.12,-0.12,57.4,0.08,414.0
50.12,-0.12,57.3,0.0,402.0
50.06,-0.06,57.25,0.08,438.0
50.0,0.0,57.25,0.08,463.0
49.94,0.06,57.3,0.08,488.0
49.94,0.06,57.35,0.0,477.0
49.88,0.12,57.45,0.08,514.0
49.88,0.12,57.55,0.0,503.0
49.81,0.19,57.7,0.08,540.0
49.81,0.19,57.85,0.0,529.0
49.75,0.25,58.05,0.08,566.0
49.81,0.19,58.2,-0.08,519.0
49.75,0.25,58.4,0.08,568.0
49.75,0.25,58.6,0.0,557.0
49.81,0.19,58.75,-0.08,521.0
49.81,0.19,58.9,0.0,533.0
49.81,0.19,59.05,0.0,534.0
49.81,0.19,59.2,0.0,534.0
49.81,0.19,59.35,0.0,535.0
49.88,0.12,59.45,-0.08,499.0
49.88,0.12,59.55,0.0,511.0
49.94,0.06,59.6,-0.08,474.0
49.94,0.06,59.7,0.0,486.0
50.0,0.0,59.7,-0.08,450.0
50.0,0.0,59.7,0.0,461.0
50.0,0.0,59.7,0.0,461.0
50.0,0.0,59.7,0.0,461.0
50.06,-0.06,59.65,-0.08,424.0
50.06,-0.06,59.6,0.0,436.0
50.06,-0.06,59.55,0.0,436.0
50.06,-0.06,59.5,0.0,436.0
50.19,-0.19,59.25,-0.08,373.0
50.19,-0.19,59.1,0.0,384.0
50.19,-0.19,58.95,0.0,383.0
50.25,-0.25,58.55,0.0,357.0
50.25,-0.25,58.35,0.0,356.0
50.31,-0.31,58.1,-0.08,318.0
50.31,-0.31,57.85,0.0,329.0
50.31,-0.31,57.6,0.0,328.0
50.31,-0.31,57.35,0.0,327.0
50.38,-0.38,57.05,-0.08,289.0
50.38,-0.38,56.75,0.0,300.0
50.38,-0.38,56.45,0.0,298.0
50.38,-0.38,56.15,0.0,297.0
50.38,-0.38,55.85,0.0,296.0
50.38,-0.38,55.55,0.0,295.0
50.38,-0.38,55.25,0.0,294.0
50.31,-0.31,55.0,0.08,329.0
50.31,-0.31,54.75,0.0,317.0
50.31,-0.31,54.5,0.0,316.0
50.25,-0.25,54.3,0.08,351.0
50.19,-0.19,54.15,0.08,376.0
50.19,-0.19,54.0,0.0,364.0
50.12,-0.12,53.9,0.08,400.0
50.12,-0.12,53.8,0.0,388.0
50.06,-0.06,53.75,0.08,424.0
50.06,-0.06,53.7,0.0,412.0
50.0,0.0,53.7,0.08,449.0
50.0,0.0,53.7,0.0,437.0
50.0,0.0,53.7,0.0,437.0
50.0,0.0,53.7,0.0,437.0
49.94,0.06,53.75,0.08,474.0
49.94,0.06,53.8,0.0,463.0
49.94,0.06,53.85,0.0,463.0
49.94,0.06,53.9,0.0,463.0
49.88,0.12,54.0,0.08,500.0
49.94,0.06,54.05,-0.08,452.0
49.88,0.12,54.15,0.08,501.0
49.88,0.12,54.25,0.0,490.0
49.94,0.06,54.3,-0.08,453.0
49.88,0.12,54.4,0.08,502.0
49.94,0.06,54.45,-0.08,454.0
49.88,0.12,54.55,0.08,502.0
49.88,0.12,54.65,0.0,491.0
49.88,0.12,54.75,0.0,492.0
49.88,0.12,54.85,0.0,492.0
49.88,0.12,54.95,0.0,492.0
49.81,0.19,55.1,0.08,530.0
49.81,0.19,55.25,0.0,519.0
49.81,0.19,55.4,0.0,519.0
49.88,0.12,55.5,-0.08,483.0
49.88,0.12,55.6,0.0,495.0
49.88,0.12,55.7,0.0,495.0
49.88,0.12,55.8,0.0,496.0
49.88,0.12,55.9,0.0,496.0
49.88,0.12,56.0,0.0,496.0
49.88,0.12,56.1,0.0,497.0
49.94,0.06,56.15,-0.08,460.0
49.94,0.06,56.2,0.0,472.0
50.0,0.0,56.2,-0.08,436.0
50.06,-0.06,56.15,-0.08,410.0
50.06,-0.06,56.1,0.0,422.0
50.06,-0.06,56.05,0.0,422.0
50.12,-0.12,55.95,-0.08,385.0
50.12,-0.12,55.85,0.0,396.0
50.12,-0.12,55.75,0.0,395.0
50.19,-0.19,55.6,-0.08,358.0
50.19,-0.19,55.45,0.0,369.0
50.19,-0.19,55.3,0.0,369.0
50.19,-0.19,55.15,0.0,368.0
50.25,-0.25,54.95,-0.08,331.0
50.25,-0.25,54.75,0.0,341.0
50.25,-0.25,54.55,0.0,341.0
50.25,-0.25,54.35,0.0,340.0
50.25,-0.25,54.15,0.0,339.0
50.25,-0.25,53.95,0.0,338.0
50.25,-0.25,53.75,0.0,337.0
50.25,-0.25,53.55,0.0,337.0
50.25,-0.25,53.35,0.0,336.0
50.25,-0.25,53.15,0.0,335.0
50.25,-0.25,52.95,0.0,334.0
50.25,-0.25,52.75,0.0,333.0
50.25,-0.25,52.55,0.0,333.0
50.19,-0.19,52.4,0.08,369.0
50.19,-0.19,52.25,0.0,356.0
50.19,-0.19,52.1,0.0,356.0
50.19,-0.19,51.95,0.0,355.0
50.19,-0.19,51.8,0.0,355.0
50.12,-0.12,51.6,0.0,379.0
50.12,-0.12,51.5,0.0,378.0
50.06,-0.06,51.45,0.08,415.0
50.06,-0.06,51.4,0.0,403.0
50.06,-0.06,51.35,0.0,403.0
50.06,-0.06,51.3,0.0,403.0
50.0,0.0,51.3,0.08,439.0
50.0,0.0,51.3,0.0,428.0
50.0,0.0,51.3,0.0,428.0
50.0,0.0,51.3,0.0,428.0
50.0,0.0,51.3,0.0,428.0
50.0,0.0,51.3,0.0,428.0
49.94,0.06,51.35,0.08,465.0
49.94,0.06,51.4,0.0,453.0
50.0,0.0,51.4,-0.08,416.0
49.94,0.06,51.45,0.08,465.0
49.94,0.06,51.5,0.0,453.0
49.94,0.06,51.55,0.0,454.0
50.0,0.0,51.55,-0.08,417.0
49.94,0.06,51.6,0.08,466.0
49.94,0.06,51.65,0.0,454.0
49.94,0.06,51.7,0.0,454.0
49.94,0.06,51.75,0.0,454.0
49.94,0.06,51.8,0.0,455.0
49.94,0.06,51.85,0.0,455.0
49.94,0.06,51.9,0.0,455.0
49.88,0.12,52.0,0.08,492.0
49.88,0.12,52.1,0.0,481.0
49.81,0.19,52.25,0.08,518.0
49.81,0.19,52.4,0.0,507.0
49.81,0.19,52.55,0.0,508.0
49.75,0.25,52.75,0.08,545.0
49.75,0.25,52.95,0.0,534.0
49.75,0.25,53.15,0.0,535.0
49.75,0.25,53.35,0.0,536.0
49.75,0.25,53.55,0.0,537.0
49.75,0.25,53.75,0.0,537.0
49.75,0.25,53.95,0.0,538.0
49.75,0.25,54.15,0.0,539.0
49.81,0.19,54.3,-0.08,503.0
49.81,0.19,54.45,0.0,515.0
49.88,0.12,54.55,-0.08,479.0
49.81,0.19,54.7,0.08,528.0
49.81,0.19,54.85,0.0,517.0
49.81,0.19,55.0,0.0,517.0
49.81,0.19,55.15,0.0,518.0
49.88,0.12,55.25,-0.08,482.0
49.88,0.12,55.45,0.0,494.0
49.88,0.12,55.55,0.0,495.0
49.94,0.06,55.6,-0.08,458.0
49.94,0.06,55.65,0.0,470.0
50.0,0.0,55.65,-0.08,433.0
50.0,0.0,55.65,0.0,445.0
50.0,0.0,55.65,0.0,445.0
50.06,-0.06,55.6,-0.08,408.0
50.06,-0.06,55.55,0.0,420.0
50.12,-0.12,55.45,-0.08,383.0
50.12,-0.12,55.35,0.0,394.0
50.19,-0.19,55.2,-0.08,357.0
50.19,-0.19,55.05,0.0,368.0
50.25,-0.25,54.85,-0.08,330.0
50.25,-0.25,54.65,0.0,341.0
50.25,-0.25,54.45,0.0,340.0
50.31,-0.31,54.2,-0.08,303.0
50.31,-0.31,53.95,0.0,313.0
50.31,-0.31,53.7,0.0,312.0
50.31,-0.31,53.45,0.0,311.0
50.31,-0.31,53.2,0.0,310.0
50.25,-0.25,53.0,0.08,346.0
50.25,-0.25,52.8,0.0,334.0
50.19,-0.19,52.65,0.08,370.0
50.19,-0.19,52.5,0.0,357.0
50.12,-0.12,52.4,0.08,394.0
50.12,-0.12,52.3,0.0,382.0
50.12,-0.12,52.2,0.0,381.0
50.06,-0.06,52.15,0.08,418.0
50.0,0.0,52.15,0.08,443.0
50.0,0.0,52.15,0.0,431.0
49.94,0.06,52.25,0.0,456.0
49.94,0.06,52.3,0.0,457.0
49.88,0.12,52.4,0.08,494.0
49.81,0.19,52.55,0.08,519.0
49.81,0.19,52.7,0.0,508.0
49.81,0.19,52.85,0.0,509.0
49.81,0.19,53.0,0.0,509.0
49.81,0.19,53.15,0.0,510.0
49.81,0.19,53.3,0.0,511.0
49.81,0.19,53.45,0.0,511.0
49.81,0.19,53.6,0.0,512.0
49.81,0.19,53.75,0.0,512.0
49.81,0.19,53.9,0.0,513.0
49.81,0.19,54.05,0.0,514.0
49.88,0.12,54.15,-0.08,477.0
49.88,0.12,54.25,0.0,489.0
49.94,0.06,54.3,-0.08,453.0
49.94,0.06,54.35,0.0,465.0
50.0,0.0,54.35,-0.08,428.0
50.0,0.0,54.35,0.0,440.0
50.06,-0.06,54.3,-0.08,403.0
50.06,-0.06,54.25,0.0,414.0
50.12,-0.12,54.15,-0.08,377.0
50.12,-0.12,54.05,0.0,389.0
50.12,-0.12,53.95,0.0,388.0
50.19,-0.19,53.8,-0.08,351.0
50.19,-0.19,53.65,0.0,362.0
50.19,-0.19,53.5,0.0,361.0
50.25,-0.25,53.3,-0.08,324.0
50.19,-0.19,53.15,0.08,372.0
50.25,-0.25,52.95,-0.08,323.0
50.25,-0.25,52.75,0.0,333.0
50.25,-0.25,52.55,0.0,333.0
50.25,-0.25,52.35,0.0,332.0
50.31,-0.31,52.1,-0.08,294.0
50.31,-0.31,51.85,0.0,305.0
50.25,-0.25,51.65,0.08,341.0
50.25,-0.25,51.45,0.0,328.0
50.25,-0.25,51.25,0.0,327.0
50.25,-0.25,51.05,0.0,327.0
50.25,-0.25,50.85,0.0,326.0
50.19,-0.19,50.7,0.08,362.0
50.19,-0.19,50.55,0.0,350.0
50.12,-0.12,50.45,0.08,386.0
50.12,-0.12,50.35,0.0,374.0
50.12,-0.12,50.25,0.0,373.0
50.12,-0.12,50.15,0.0,373.0
50.12,-0.12,50.05,0.0,373.0
50.12,-0.12,49.95,0.0,372.0
50.06,-0.06,49.9,0.08,409.0
50.06,-0.06,49.85,0.0,397.0
50.06,-0.06,49.8,0.0,397.0
50.0,0.0,49.8,0.08,433.0
50.0,0.0,49.8,0.0,422.0
50.0,0.0,49.8,0.0,422.0
49.94,0.06,49.9,0.0,447.0
49.88,0.12,50.0,0.08,484.0
49.94,0.06,50.05,-0.08,436.0
49.94,0.06,50.1,0.0,448.0
49.88,0.12,50.2,0.08,485.0
49.88,0.12,50.3,0.0,474.0
49.88,0.12,50.4,0.0,474.0
49.81,0.19,50.55,0.08,511.0
49.81,0.19,50.7,0.0,500.0
49.81,0.19,50.85,0.0,501.0
49.81,0.19,51.0,0.0,501.0
49.81,0.19,51.15,0.0,502.0
49.75,0.25,51.35,0.08,540.0
49.75,0.25,51.55,0.0,529.0
49.75,0.25,51.75,0.0,529.0
49.75,0.25,51.95,0.0,530.0
49.75,0.25,52.15,0.0,531.0
49.81,0.19,52.3,-0.08,495.0
49.81,0.19,52.45,0.0,507.0
49.81,0.19,52.6,0.0,508.0
49.81,0.19,52.75,0.0,508.0
49.88,0.12,52.85,-0.08,472.0
49.88,0.12,52.95,0.0,484.0
49.88,0.12,53.05,0.0,485.0
49.94,0.06,53.1,-0.08,448.0
49.94,0.06,53.15,0.0,460.0
49.94,0.06,53.2,0.0,460.0
50.06,-0.06,53.15,-0.08,398.0
50.06,-0.06,53.1,0.0,410.0
50.06,-0.06,53.05,0.0,410.0
50.12,-0.12,52.85,0.0,384.0
50.12,-0.12,52.75,0.0,383.0
50.19,-0.19,52.6,-0.08,346.0
50.19,-0.19,52.45,0.0,357.0
50.19,-0.19,52.3,0.0,357.0
50.19,-0.19,52.15,0.0,356.0
50.19,-0.19,52.0,0.0,355.0
50.25,-0.25,51.8,-0.08,318.0
50.25,-0.25,51.6,0.0,329.0
50.25,-0.25,51.2,0.0,327.0
50.25,-0.25,51.0,0.0,326.0
50.19,-0.19,50.85,0.08,363.0
50.19,-0.19,50.7,0.0,350.0
50.19,-0.19,50.55,0.0,350.0
50.12,-0.12,50.45,0.08,386.0
50.12,-0.12,50.35,0.0,374.0
50.12,-0.12,50.25,0.0,373.0
50.12,-0.12,50.15,0.0,373.0
50.06,-0.06,50.1,0.08,410.0
50.06,-0.06,50.05,0.0,398.0
50.06,-0.06,50.0,0.0,397.0
50.06,-0.06,49.95,0.0,397.0
50.06,-0.06,49.9,0.0,397.0
50.06,-0.06,49.85,0.0,397.0
50.06,-0.06,49.8,0.0,397.0
50.0,0.0,49.8,0.08,433.0
50.0,0.0,49.8,0.0,422.0
50.0,0.0,49.8,0.0,422.0
49.94,0.06,49.85,0.08,459.0
49.88,0.12,49.95,0.08,484.0
49.88,0.12,50.05,0.0,473.0
49.81,0.19,50.2,0.08,510.0
49.81,0.19,50.35,0.0,499.0
49.75,0.25,50.55,0.08,536.0
49.75,0.25,50.75,0.0,525.0
49.75,0.25,50.95,0.0,526.0
49.81,0.19,51.1,-0.08,490.0
49.75,0.25,51.3,0.08,539.0
49.75,0.25,51.5,0.0,529.0
48.56,1.44,53.3,0.78,1023.0
48.44,1.56,54.55,0.16,1023.0
48.38,1.62,55.85,0.08,1023.0
48.44,1.56,57.1,-0.08,1023.0
48.44,1.56,58.35,0.0,1023.0
48.62,1.38,60.6,-0.08,1003.0
48.62,1.38,61.7,0.0,1019.0
48.69,1.31,62.75,-0.08,987.0
48.81,1.19,63.7,-0.16,929.0
48.94,1.06,64.55,-0.16,882.0
49.0,1.0,65.35,-0.08,872.0
49.19,0.81,66.0,-0.23,776.0
49.38,0.62,66.5,-0.23,703.0
49.56,0.44,66.85,-0.23,630.0
49.75,0.25,67.05,-0.23,556.0
49.94,0.06,67.1,-0.23,481.0
50.06,-0.06,67.05,-0.16,442.0
50.25,-0.25,66.85,-0.23,355.0
50.31,-0.31,66.6,-0.08,352.0
50.44,-0.44,66.25,-0.16,289.0
50.56,-0.56,65.8,-0.16,237.0
50.69,-0.69,65.25,-0.16,185.0
50.88,-0.88,63.9,-0.08,116.0
51.0,-1.0,63.1,-0.16,51.0
51.06,-1.06,62.25,-0.08,35.0
51.12,-1.12,61.35,-0.08,6.0
51.19,-1.19,60.4,-0.08,0.0
51.25,-1.25,59.4,-0.08,0.0
51.25,-1.25,58.4,0.0,0.0
51.25,-1.25,57.4,0.0,0.0
51.31,-1.31,56.35,-0.08,0.0
51.25,-1.25,55.35,0.08,0.0
51.25,-1.25,54.35,0.0,0.0
51.12,-1.12,53.45,0.16,10.0
51.06,-1.06,52.6,0.08,20.0
51.0,-1.0,51.8,0.08,41.0
50.88,-0.88,51.1,0.16,100.0
50.81,-0.81,50.45,0.08,111.0
50.75,-0.75,49.85,0.08,134.0
50.69,-0.69,49.3,0.08,156.0
50.56,-0.56,48.85,0.16,216.0
50.5,-0.5,48.45,0.08,228.0
50.38,-0.38,48.15,0.16,289.0
50.25,-0.25,47.95,0.16,338.0
50.12,-0.12,47.85,0.16,387.0
50.0,0.0,47.85,0.16,437.0
49.88,0.12,47.95,0.16,488.0
49.75,0.25,48.15,0.16,539.0
49.69,0.31,48.4,0.08,553.0
49.62,0.38,48.7,0.08,579.0
49.5,0.5,49.1,0.16,642.0
49.44,0.56,49.55,0.08,657.0
49.44,0.56,50.0,0.0,648.0
49.31,0.69,50.55,0.16,723.0
49.31,0.69,51.1,0.0,702.0
49.31,0.69,51.65,0.0,704.0
49.25,0.75,52.25,0.08,743.0
49.25,0.75,52.85,0.0,734.0
49.25,0.75,53.45,0.0,736.0
49.25,0.75,54.05,0.0,739.0
49.31,0.69,54.6,-0.08,704.0
49.31,0.69,55.15,0.0,718.0
49.31,0.69,55.7,0.0,720.0
49.38,0.62,56.2,-0.08,686.0
49.38,0.62,56.7,0.0,699.0
49.44,0.56,57.15,-0.08,664.0
49.38,0.62,57.65,0.08,715.0
49.44,0.56,58.1,-0.08,668.0
49.38,0.62,58.6,0.08,719.0
49.38,0.62,59.1,0.0,709.0
49.31,0.69,59.65,0.08,748.0
49.31,0.69,60.2,0.0,738.0
49.25,0.75,60.8,0.08,777.0
49.19,0.81,61.45,0.08,805.0
49.12,0.88,62.15,0.08,833.0
49.06,0.94,62.9,0.08,861.0
48.94,1.06,63.75,0.16,926.0
48.81,1.19,64.7,0.16,980.0
48.69,1.31,65.75,0.16,1023.0
48.62,1.38,66.85,0.08,1023.0
48.38,1.62,69.35,0.16,1023.0
48.25,1.75,70.75,0.16,1023.0
48.12,1.88,72.25,0.16,1023.0
48.0,2.0,73.85,0.16,1023.0
47.81,2.19,75.6,0.23,1023.0
47.69,2.31,77.45,0.16,1023.0
47.56,2.44,79.4,0.16,1023.0
47.44,2.56,81.45,0.16,1023.0
47.19,2.81,85.9,0.08,1023.0
47.0,3.0,88.3,0.23,1023.0
46.88,3.12,90.8,0.16,1023.0
46.75,3.25,93.4,0.16,1023.0
46.69,3.31,96.05,0.08,1023.0
46.5,3.5,98.85,0.23,1023.0
46.38,3.62,101.75,0.16,1023.0
46.25,3.75,104.75,0.16,1023.0
46.12,3.88,107.85,0.16,1023.0
46.0,4.0,111.05,0.16,1023.0
45.88,4.12,114.35,0.16,1023.0
45.69,4.31,117.8,0.23,1023.0
45.56,4.44,121.35,0.16,1023.0
45.5,4.5,124.95,0.08,1023.0
45.38,4.62,128.65,0.16,1023.0
45.25,4.75,136.2,0.08,1023.0
45.19,4.81,140.05,0.08,1023.0
45.19,4.81,143.9,0.0,1023.0
45.19,4.81,147.75,0.0,1023.0
45.25,4.75,151.55,-0.08,1023.0
45.31,4.69,155.3,-0.08,1023.0
45.38,4.62,159.0,-0.08,1023.0
45.44,4.56,162.65,-0.08,1023.0
45.5,4.5,166.25,-0.08,1023.0
45.62,4.38,169.75,-0.16,1023.0
45.75,4.25,173.15,-0.16,1023.0
45.94,4.06,176.4,-0.23,1023.0
46.12,3.88,179.5,-0.23,1023.0
46.25,3.75,182.5,-0.16,1023.0
46.44,3.56,185.35,-0.23,1023.0
46.69,3.31,188.0,-0.31,1023.0
46.88,3.12,190.5,-0.23,1023.0
47.06,2.94,192.85,-0.23,1023.0
47.31,2.69,195.0,-0.31,1023.0
47.5,2.5,197.0,-0.23,1023.0
47.75,2.25,198.8,-0.31,1023.0
48.0,2.0,200.0,-0.31,1023.0
48.19,1.81,200.0,-0.23,1023.0
48.44,1.56,200.0,-0.31,1023.0
48.62,1.38,200.0,-0.23,1023.0
48.88,1.12,200.0,-0.31,1023.0
49.06,0.94,200.0,-0.23,1023.0
49.31,0.69,200.0,-0.31,1023.0
49.56,0.44,200.0,-0.31,1023.0
49.75,0.25,200.0,-0.23,1023.0
50.0,0.0,200.0,-0.31,976.0
50.25,-0.25,199.8,-0.31,875.0
50.44,-0.44,199.45,-0.23,810.0
50.69,-0.69,198.9,-0.31,696.0
50.88,-0.88,198.2,-0.23,630.0
51.12,-1.12,197.3,-0.31,515.0
51.38,-1.38,196.2,-0.31,410.0
51.56,-1.56,194.95,-0.23,342.0
51.75,-1.75,193.55,-0.23,262.0
52.0,-2.0,191.95,-0.31,143.0
52.19,-2.19,190.2,-0.23,73.0
52.38,-2.38,188.3,-0.23,0.0
52.5,-2.5,186.3,-0.16,0.0
52.62,-2.62,184.2,-0.16,0.0
52.81,-2.81,181.95,-0.23,0.0
52.88,-2.88,179.65,-0.08,0.0
53.0,-3.0,177.25,-0.16,0.0
53.0,-3.0,174.85,0.0,0.0
53.06,-3.06,172.4,-0.08,0.0
53.06,-3.06,169.95,0.0,0.0
53.0,-3.0,167.55,0.08,0.0
53.0,-3.0,165.15,0.0,0.0
52.88,-2.88,160.5,0.08,0.0
52.88,-2.88,158.2,0.0,0.0
52.75,-2.75,156.0,0.16,0.0
52.69,-2.69,153.85,0.08,0.0
52.56,-2.56,151.8,0.16,0.0
52.44,-2.44,149.85,0.16,0.0
52.31,-2.31,148.0,0.16,0.0
52.19,-2.19,146.25,0.16,0.0
52.06,-2.06,144.6,0.16,0.0
51.94,-1.94,143.05,0.16,43.0
51.81,-1.81,141.6,0.16,87.0
51.69,-1.69,140.25,0.16,132.0
51.56,-1.56,139.0,0.16,177.0
51.38,-1.38,137.9,0.23,259.0
51.25,-1.25,136.9,0.16,294.0
51.06,-1.06,136.05,0.23,377.0
50.94,-0.94,135.3,0.16,412.0
50.75,-0.75,134.7,0.23,496.0
50.62,-0.62,134.2,0.16,533.0
50.5,-0.5,133.8,0.16,581.0
50.38,-0.38,133.5,0.16,630.0
50.25,-0.25,133.3,0.16,679.0
50.12,-0.12,133.2,0.16,729.0
50.06,-0.06,133.15,0.08,742.0
50.0,0.0,133.15,0.08,767.0
49.81,0.19,133.4,0.08,843.0
49.81,0.19,133.55,0.0,832.0
49.75,0.25,133.75,0.08,869.0
49.75,0.25,133.95,0.0,858.0
49.75,0.25,134.15,0.0,859.0
49.75,0.25,134.35,0.0,860.0
49.75,0.25,134.55,0.0,861.0
49.81,0.19,134.7,-0.08,825.0
49.88,0.12,134.8,-0.08,800.0
49.94,0.06,134.85,-0.08,775.0
50.0,0.0,134.85,-0.08,750.0
50.06,-0.06,134.8,-0.08,725.0
50.19,-0.19,134.65,-0.16,663.0
50.25,-0.25,134.45,-0.08,649.0
50.38,-0.38,134.15,-0.16,586.0
50.44,-0.44,133.8,-0.08,571.0
50.56,-0.56,133.35,-0.16,507.0
50.69,-0.69,132.8,-0.16,455.0
50.81,-0.81,132.15,-0.16,403.0
50.94,-0.94,131.4,-0.16,350.0
51.0,-1.0,130.6,-0.08,333.0
51.12,-1.12,129.7,-0.16,268.0
51.25,-1.25,128.7,-0.16,214.0
51.31,-1.31,127.65,-0.08,196.0
51.44,-1.44,126.5,-0.16,130.0
51.5,-1.5,125.3,-0.08,112.0
51.56,-1.56,124.05,-0.08,82.0
51.62,-1.62,122.75,-0.08,52.0
51.69,-1.69,121.4,-0.08,21.0
51.69,-1.69,120.05,0.0,28.0
51.69,-1.69,118.7,0.0,22.0
51.69,-1.69,117.35,0.0,17.0
51.69,-1.69,116.0,0.0,11.0
51.69,-1.69,114.65,0.0,6.0
51.62,-1.62,113.35,0.08,38.0
51.56,-1.56,112.1,0.08,58.0
51.5,-1.5,110.9,0.08,78.0
51.31,-1.31,109.85,0.23,172.0
51.25,-1.25,108.85,0.08,170.0
51.06,-1.06,108.0,0.23,265.0
51.0,-1.0,107.2,0.08,263.0
50.88,-0.88,106.5,0.16,322.0
50.75,-0.75,105.9,0.16,370.0
50.62,-0.62,105.4,0.16,418.0
50.56,-0.56,104.95,0.08,429.0
50.5,-0.5,104.55,0.08,452.0
50.44,-0.44,104.2,0.08,476.0
50.31,-0.31,103.95,0.16,537.0
50.25,-0.25,103.75,0.08,549.0
50.19,-0.19,103.6,0.08,574.0
50.12,-0.12,103.5,0.08,598.0
50.0,0.0,103.5,0.16,660.0
50.0,0.0,103.5,0.0,636.0
50.0,0.0,103.5,0.0,636.0
49.94,0.06,103.55,0.08,673.0
49.94,0.06,103.6,0.0,662.0
49.88,0.12,103.7,0.08,699.0
49.88,0.12,103.8,0.0,688.0
49.88,0.12,103.9,0.0,688.0
49.88,0.12,104.0,0.0,688.0
49.88,0.12,104.1,0.0,689.0
49.94,0.06,104.15,-0.08,652.0
49.94,0.06,104.2,0.0,664.0
50.0,0.0,104.2,-0.08,628.0
50.06,-0.06,104.15,-0.08,602.0
50.19,-0.19,103.95,-0.16,540.0
50.25,-0.25,103.75,-0.08,526.0
50.31,-0.31,103.5,-0.08,500.0
50.38,-0.38,103.2,-0.08,474.0
50.44,-0.44,102.85,-0.08,447.0
50.5,-0.5,102.45,-0.08,421.0
50.5,-0.5,102.05,0.0,431.0
50.56,-0.56,101.6,-0.08,392.0
50.56,-0.56,101.15,0.0,402.0
50.62,-0.62,100.65,-0.08,363.0
50.69,-0.69,100.1,-0.08,336.0
50.69,-0.69,99.55,0.0,346.0
50.69,-0.69,99.0,0.0,343.0
50.75,-0.75,98.4,-0.08,304.0
50.75,-0.75,97.8,0.0,314.0
50.75,-0.75,97.2,0.0,311.0
50.75,-0.75,96.6,0.0,309.0
50.81,-0.81,95.95,-0.08,270.0
50.81,-0.81,95.3,0.0,279.0
50.81,-0.81,94.65,0.0,276.0
50.75,-0.75,94.05,0.08,310.0
50.75,-0.75,93.45,0.0,296.0
50.75,-0.75,92.85,0.0,294.0
50.75,-0.75,92.25,0.0,291.0
50.75,-0.75,91.65,0.0,289.0
50.69,-0.69,91.1,0.08,324.0
50.69,-0.69,90.55,0.0,310.0
50.62,-0.62,90.05,0.08,344.0
50.62,-0.62,89.55,0.0,331.0
50.62,-0.62,89.05,0.0,329.0
50.56,-0.56,88.6,0.08,364.0
50.5,-0.5,88.2,0.08,387.0
50.5,-0.5,87.8,0.0,374.0
50.44,-0.44,87.45,0.08,409.0
50.44,-0.44,87.1,0.0,396.0
50.38,-0.38,86.8,0.08,431.0
50.31,-0.31,86.55,0.08,455.0
50.25,-0.25,86.35,0.08,480.0
50.19,-0.19,86.2,0.08,504.0
50.19,-0.19,86.05,0.0,492.0
50.12,-0.12,85.95,0.08,528.0
50.12,-0.12,85.85,0.0,516.0
50.06,-0.06,85.8,0.08,552.0
50.06,-0.06,85.75,0.0,540.0
50.0,0.0,85.75,0.08,577.0
50.0,0.0,85.75,0.0,565.0
49.94,0.06,85.8,0.08,602.0
49.94,0.06,85.85,0.0,591.0
49.94,0.06,85.9,0.0,591.0
49.94,0.06,85.95,0.0,591.0
50.0,0.0,85.95,-0.08,555.0
50.0,0.0,85.95,0.0,566.0
50.06,-0.06,85.9,-0.08,529.0
50.06,-0.06,85.85,0.0,541.0
50.12,-0.12,85.75,-0.08,504.0
50.12,-0.12,85.65,0.0,515.0
50.19,-0.19,85.5,-0.08,478.0
50.25,-0.25,85.3,-0.08,452.0
50.25,-0.25,85.1,0.0,463.0
50.31,-0.31,84.85,-0.08,425.0
50.38,-0.38,84.55,-0.08,399.0
50.38,-0.38,84.25,0.0,409.0
50.44,-0.44,83.9,-0.08,371.0
50.44,-0.44,83.55,0.0,382.0
50.5,-0.5,83.15,-0.08,343.0
50.5,-0.5,82.75,0.0,353.0
50.56,-0.56,82.3,-0.08,315.0
50.56,-0.56,81.85,0.0,325.0
50.62,-0.62,81.35,-0.08,286.0
50.62,-0.62,80.85,0.0,296.0
50.69,-0.69,80.3,-0.08,257.0
50.69,-0.69,79.75,0.0,266.0
50.69,-0.69,79.2,0.0,264.0
50.69,-0.69,78.65,0.0,262.0
50.69,-0.69,78.1,0.0,260.0
50.69,-0.69,77.55,0.0,258.0
50.62,-0.62,77.05,0.08,292.0
50.62,-0.62,76.55,0.0,279.0
50.56,-0.56,76.1,0.08,314.0
50.5,-0.5,75.7,0.08,337.0
50.44,-0.44,75.35,0.08,361.0
50.38,-0.38,75.05,0.08,384.0
50.31,-0.31,74.8,0.08,408.0
50.31,-0.31,74.55,0.0,396.0
50.25,-0.25,74.35,0.08,432.0
50.25,-0.25,74.15,0.0,419.0
50.19,-0.19,74.0,0.08,455.0
50.19,-0.19,73.85,0.0,443.0
50.12,-0.12,73.75,0.08,479.0
50.12,-0.12,73.65,0.0,467.0
50.06,-0.06,73.6,0.08,504.0
50.06,-0.06,73.55,0.0,492.0
50.06,-0.06,73.5,0.0,491.0
50.06,-0.06,73.45,0.0,491.0
50.06,-0.06,73.4,0.0,491.0
50.0,0.0,73.4,0.08,528.0
50.0,0.0,73.4,0.0,516.0
50.0,0.0,73.4,0.0,516.0
50.0,0.0,73.4,0.0,516.0
50.0,0.0,73.4,0.0,516.0
50.0,0.0,73.4,0.0,516.0
50.0,0.0,73.4,0.0,516.0
50.12,-0.12,73.2,-0.08,454.0
50.12,-0.12,73.1,0.0,465.0
50.19,-0.19,72.95,-0.08,428.0
50.19,-0.19,72.8,0.0,439.0
50.25,-0.25,72.6,-0.08,401.0
50.25,-0.25,72.4,0.0,412.0
50.31,-0.31,72.15,-0.08,374.0
50.31,-0.31,71.9,0.0,385.0
50.38,-0.38,71.6,-0.08,347.0
50.44,-0.44,71.25,-0.08,321.0
50.44,-0.44,70.9,0.0,331.0
50.5,-0.5,70.5,-0.08,293.0
50.56,-0.56,70.05,-0.08,266.0
50.56,-0.56,69.6,0.0,276.0
50.56,-0.56,69.15,0.0,274.0
50.62,-0.62,68.65,-0.08,235.0
50.62,-0.62,68.15,0.0,245.0
50.62,-0.62,67.65,0.0,243.0
50.62,-0.62,67.15,0.0,241.0
50.62,-0.62,66.65,0.0,239.0
50.62,-0.62,65.65,0.0,235.0
50.62,-0.62,65.15,0.0,233.0
50.56,-0.56,64.7,0.08,268.0
50.56,-0.56,64.25,0.0,254.0
50.5,-0.5,63.85,0.08,290.0
50.5,-0.5,63.45,0.0,276.0
50.44,-0.44,63.1,0.08,312.0
50.38,-0.38,62.8,0.08,335.0
50.31,-0.31,62.55,0.08,359.0
50.25,-0.25,62.1,0.08,383.0
50.19,-0.19,61.95,0.08,407.0
50.12,-0.12,61.85,0.08,432.0
50.12,-0.12,61.75,0.0,419.0
50.06,-0.06,61.7,0.08,456.0
50.0,0.0,61.7,0.08,481.0
50.0,0.0,61.7,0.0,469.0
49.94,0.06,61.75,0.08,506.0
49.88,0.12,61.85,0.08,532.0
49.88,0.12,61.95,0.0,520.0
49.81,0.19,62.1,0.08,558.0
49.81,0.19,62.25,0.0,546.0
49.81,0.19,62.4,0.0,547.0
49.81,0.19,62.55,0.0,548.0
49.81,0.19,62.85,0.0,549.0
49.81,0.19,63.0,0.0,549.0
49.81,0.19,63.15,0.0,550.0
49.81,0.19,63.3,0.0,551.0
49.88,0.12,63.4,-0.08,514.0
49.88,0.12,63.6,0.0,527.0
49.94,0.06,63.65,-0.08,490.0
49.94,0.06,63.7,0.0,502.0
50.0,0.0,63.7,-0.08,466.0
50.06,-0.06,63.65,-0.08,440.0
50.12,-0.12,63.5,-0.08,415.0
50.12,-0.12,63.4,0.0,426.0
50.19,-0.19,63.25,-0.08,389.0
50.19,-0.19,63.1,0.0,400.0
50.19,-0.19,62.95,0.0,399.0
50.25,-0.25,62.75,-0.08,362.0
50.25,-0.25,62.55,0.0,373.0
50.31,-0.31,62.3,-0.08,335.0
50.31,-0.31,62.05,0.0,346.0
50.31,-0.31,61.8,0.0,345.0
50.31,-0.31,61.55,0.0,344.0
50.38,-0.38,61.25,-0.08,306.0
50.38,-0.38,60.95,0.0,316.0
50.38,-0.38,60.65,0.0,315.0
50.38,-0.38,60.35,0.0,314.0
50.38,-0.38,60.05,0.0,313.0
50.38,-0.38,59.75,0.0,311.0
50.38,-0.38,59.45,0.0,310.0
50.38,-0.38,59.15,0.0,309.0
50.38,-0.38,58.85,0.0,308.0
50.38,-0.38,58.55,0.0,307.0
50.38,-0.38,58.25,0.0,305.0
50.31,-0.31,58.0,0.08,341.0
50.31,-0.31,57.75,0.0,328.0
50.31,-0.31,57.5,0.0,327.0
50.31,-0.31,57.25,0.0,326.0
50.25,-0.25,57.05,0.08,362.0
50.25,-0.25,56.85,0.0,350.0
50.19,-0.19,56.7,0.08,386.0
50.19,-0.19,56.55,0.0,374.0
50.19,-0.19,56.4,0.0,373.0
50.19,-0.19,56.25,0.0,372.0
50.12,-0.12,56.15,0.08,409.0
50.12,-0.12,56.05,0.0,397.0
50.12,-0.12,55.95,0.0,396.0
50.06,-0.06,55.9,0.08,433.0
50.06,-0.06,55.85,0.0,421.0
50.06,-0.06,55.8,0.0,421.0
50.06,-0.06,55.75,0.0,420.0
50.06,-0.06,55.7,0.0,420.0
50.0,0.0,55.7,0.08,457.0
50.0,0.0,55.7,0.0,445.0
50.0,0.0,55.7,0.0,445.0
50.0,0.0,55.7,0.0,445.0
50.0,0.0,55.7,0.0,445.0
50.0,0.0,55.7,0.0,445.0
50.0,0.0,55.7,0.0,445.0
50.0,0.0,55.7,0.0,445.0
50.0,0.0,55.7,0.0,445.0
50.0,0.0,55.7,0.0,445.0
50.0,0.0,55.7,0.0,445.0
50.0,0.0,55.7,0.0,445.0
50.06,-0.06,55.65,-0.08,408.0
50.06,-0.06,55.6,0.0,420.0
